position,fen,rubichess_move,rubichess_eval,rubichess_nodes,rubichess_time,rubichess_success,stockfish_move,stockfish_eval,stockfish_nodes,stockfish_time,stockfish_success
1,r1bqkb1r/pppp1ppp/2n2n2/4p3/2B1P3/3P1N2/PPP2PPP/RNBQK2R w KQkq - 0 4,f3g5,95,140917,0.09091734886169434,True,f3g5,62,145806,0.1993114948272705,True
2,r1bq1b1r/pppp1kpp/2n2n2/4p3/4P3/3P1N2/PPP2PPP/RNBQK2R w KQ - 0 5,d3d4,-379,250693,0.14099836349487305,True,b1c3,-372,63676,0.07790207862854004,True
3,r1bq1b1r/pppp1kpp/2n2n2/4N3/4P3/3P4/PPP2PPP/RNBQK2R b KQ - 0 5,c6e5,478,167644,0.09618568420410156,True,c6e5,413,47165,0.0386199951171875,True
4,r1bqkb1r/pppp1ppp/2n2n2/1B2p3/4P3/3P1N2/PPP2PPP/RNBQK2R b KQkq - 1 4,d7d6,-24,271242,0.16608047485351562,True,d7d6,-29,165594,0.19326210021972656,True
5,r1bqkb1r/pppp1Npp/2n5/8/2B1n3/3P4/PPP2PPP/RNBQK2R b KQkq - 0 5,e4f2,-416,1405440,0.8519330024719238,True,e4f2,-304,26740,0.03572893142700195,True
6,r1bqkb1r/pppp1p1p/2n2n2/4N1p1/2B1P3/3P4/PPP2PPP/RNBQK2R w KQkq - 0 5,c4f7,496,512970,0.3474090099334717,True,c4f7,429,19640,0.031085968017578125,True
7,r1bq1rk1/ppp2ppp/2n2n2/2bpp3/2B1P3/3P1N2/PPP2PPP/RNBQ1RK1 w - - 0 6,e4d5,5,321121,0.20612597465515137,True,e4d5,3,81057,0.10521602630615234,True
8,r1bq1rk1/ppp2ppp/2n5/2bnp3/2B4N/3P4/PPP2PPP/RNBQ1RK1 b - - 1 7,d5b6,215,64785,0.04691624641418457,True,d5b6,175,55345,0.07139277458190918,True
9,r1bq1rk1/ppp2ppp/5n2/2bBp3/3nP3/3P4/PPP2PPP/RNBQ1RK1 b - - 0 7,f6d5,624,242399,0.12610507011413574,True,c8g4,611,21100,0.01937103271484375,True
10,r1b2rk1/ppp2ppp/2n2n2/2bqp3/2B5/2PP1N2/PP3PPP/RNBQ1RK1 b - - 0 7,d5d6,-12,126085,0.0999758243560791,True,d5d8,-14,141986,0.15221452713012695,True
11,r1bq1rk1/ppp2ppp/2n2n2/3pp3/2B1P3/2NP1N2/PPP2KPP/R1BQ1R2 b - - 0 7,d5c4,76,309993,0.2293839454650879,True,d5c4,100,84451,0.11821603775024414,True
12,r1bq1rk1/ppp2ppp/2n2n2/3Bp3/4P3/3P1N2/PPP2RPP/RNBQ2K1 b - - 0 7,f6d5,-438,257492,0.1498875617980957,True,f6d5,-397,125388,0.16118931770324707,True
13,r1b2rk1/ppp2ppp/2n2n2/2bPp3/8/3P1N2/PPP2PPP/RNBQ1RK1 b - - 0 7,c6d4,-378,616690,0.3420145511627197,True,c6d4,-520,32497,0.025446414947509766,True
14,r1bq1rk1/ppp2ppp/2n2n2/2bPp3/2B5/3P1N2/PPP2PPP/RNBQ1RK1 b - - 0 6,f6d5,6,466974,0.3436868190765381,True,f6d5,1,150440,0.19973969459533691,True
15,r1bq1rk1/ppp2ppp/2n2n2/2bpN3/2B1P3/3P4/PPP2PPP/RNBQ1RK1 b - - 0 6,c6e5,487,341298,0.18319392204284668,True,c6e5,485,16868,0.026784658432006836,True
16,r3k2r/ppp2ppp/2n1bn2/2bpp1q1/2B1P3/3P1N2/PPP2PPP/RNBQ1RK1 w kq - 0 8,f3g5,519,1119866,0.6001110076904297,True,c1g5,565,25963,0.0230252742767334,True
17,r3k2r/ppp2ppp/2n1bn2/2bpp3/2B1PB2/3P1N2/PPP2PKP/RN1Q1R2 b kq - 0 9,e8c8,-428,1203620,0.6919782161712646,True,d5c4,-396,30197,0.023021936416625977,True
18,r3k2r/ppp2ppp/2n1bn2/2bBp1q1/4P3/3P1N2/PPP2PPP/RNBQ1RK1 b kq - 0 8,g5h5,-181,245773,0.17604470252990723,True,g5h5,-171,44833,0.060892343521118164,True
19,2r1k2r/ppp2ppp/2n1bn2/1Bbpp1q1/4P3/3P1N2/PPP2PPP/RNBQ1RK1 w k - 2 9,c1g5,557,959181,0.5001626014709473,True,f3g5,722,27413,0.021081924438476562,True
20,r3k2r/ppp2ppp/2n1b3/2bpp1N1/2B1P1n1/3P4/PPP2PPP/RNBQ1RK1 w kq - 1 9,e4d5,791,999634,0.507742166519165,True,e4d5,744,100802,0.06723833084106445,True
21,r3k2r/ppp2ppp/2n1bn2/2bPp1q1/2B5/3P1N2/PPP2PPP/RNBQ1RK1 b kq - 0 8,g5g2,-505,1473994,0.8011257648468018,True,g5h5,-384,44803,0.047753334045410156,True
22,r3k2r/ppp2ppp/2n1bn2/2bpp1q1/2BPP3/5N2/PPP2PPP/RNBQ1RK1 b kq - 0 8,g5g6,-249,187739,0.11529421806335449,True,g5g6,-206,199524,0.20278263092041016,True
23,r3k2r/ppp2pp1/2n1bn1p/2bBN1q1/4P3/3P4/PPP2PPP/RNBQ1RK1 b kq - 0 9,g5e5,250,217475,0.15009665489196777,True,g5e5,297,129127,0.15806221961975098,True
24,r3k2r/ppp2ppp/2n1bn2/2b1p1q1/2B1p3/3P1N2/PPP2PPP/RNB1QRK1 w kq - 0 9,f3g5,499,630282,0.33252859115600586,True,f3g5,524,45672,0.031404733657836914,True
25,r1bqk2r/pppp1ppp/2n2n2/2b1p3/2B1P3/3P1N2/PPP2PPP/RNBQK2R w KQkq - 0 5,c2c3,18,160355,0.13498520851135254,True,e1g1,16,109347,0.10792779922485352,True
26,r1bqk2r/pppp1ppp/2n2n2/2b1N3/2B1P3/3P4/PPP2PPP/RNBQK2R b KQkq - 0 5,c6e5,318,168292,0.10028910636901855,True,c6e5,304,109157,0.13116860389709473,True
27,r1bqk2r/pppp1ppp/2n5/2b1N2n/2B1P3/3P4/PPP2PPP/RNBQK2R w KQkq - 1 6,c4f7,552,467221,0.25827860832214355,True,d1h5,515,24967,0.033739566802978516,True
28,r1bq3r/ppppkBpp/2n2n2/2b1p3/4P3/3P1N2/PPP2PPP/RNBQK2R w KQ - 1 6,f7b3,202,175603,0.1353461742401123,True,f7b3,207,79421,0.1061255931854248,True
29,r1bqk2r/pppp1ppp/2n2n2/4N3/1bB1P3/3P4/PPPB1PPP/RN1QK2R b KQkq - 2 6,b4d2,314,366039,0.19834566116333008,True,b4d2,309,75485,0.09894847869873047,True
30,r1bqk2r/pppp1ppp/2N5/2b4n/2B1P3/3P4/PPP2PPP/RNBQK2R b KQkq - 0 6,d8h4,-455,298735,0.16593122482299805,True,d8h4,-466,196224,0.1709296703338623,True
31,r1bqk2r/pppp1ppp/2n5/2b1p3/2B1P1n1/3P1N2/PPP2P1P/RNBQK2R w KQkq - 0 6,h1f1,-178,395095,0.276339054107666,True,h1f1,-160,107355,0.1438605785369873,True
32,r1bqk2r/pppp1ppp/2n2n2/4p3/2B1P2P/3PbN2/PPP2PP1/RN1QK2R b KQkq - 0 6,e3b6,648,846283,0.4615168571472168,True,e3b6,495,54427,0.06695675849914551,True
33,r1bqk2r/pppp1ppp/2n2n2/4N3/2B1P3/3P4/PPPK1bPP/RNBQ3R b kq - 1 6,c6e5,625,326082,0.19993257522583008,True,c6e5,607,23733,0.030439376831054688,True
34,r2qkb1r/ppp2ppp/2n2n2/3pp3/2B1P1b1/3P1N2/PPP2PPP/RNBQK2R w KQkq - 0 6,e4d5,-20,326260,0.22198057174682617,True,e4d5,-33,184834,0.23279166221618652,True
35,r2qk2r/ppp2ppp/2n2n2/3Pp3/1bB3b1/3P1N2/PPP2PPP/RNBQK2R w KQkq - 1 7,c2c3,260,157988,0.09692502021789551,True,c2c3,229,64929,0.0668027400970459,True
36,r2qkb1r/ppp2ppp/2n2n2/3pp3/2BNP1b1/3P4/PPP2PPP/RNBQK2R b KQkq - 1 6,c6d4,587,284656,0.14336585998535156,True,c6d4,612,208694,0.20802688598632812,True
37,r2qkb1r/ppp2ppp/2n2n2/3pN3/2B1P1b1/3P4/PPP2PPP/RNBQK2R b KQkq - 0 6,c6e5,567,1632628,0.9166533946990967,True,c6e5,542,52037,0.050000667572021484,True
38,r2qk2r/ppp2ppp/2n2n2/3Bp3/4P1b1/b2P1N2/PPP2PPP/R1BQK2R b KQkq - 0 7,f6d5,512,342324,0.1918017864227295,True,f6d5,484,28744,0.052077293395996094,True
39,r2qkb1r/ppp2ppp/2n5/3pN3/2B1n1b1/3P4/PPP2PPP/RNBQK2R w KQkq - 0 7,e5g4,357,223061,0.1532750129699707,True,e5g4,338,55163,0.07472729682922363,True
40,r2qkb1r/ppp2ppp/2n2n2/3Bp3/4P1b1/3P1N2/PPP2PPP/RNBQK2R b KQkq - 0 6,f6d5,176,73557,0.049963951110839844,True,f6d5,190,35049,0.04190254211425781,True
41,rn1qkb1r/ppp2ppp/5n2/3PN3/2B3b1/3P4/PPP2PPP/RNBQK2R b KQkq - 0 7,g4d1,400,1350648,0.7809875011444092,True,g4d1,444,22406,0.01726818084716797,True
42,r2qkb1r/ppp2ppp/2n2n2/8/2N1P1b1/3P4/PPP2PPP/RNBQK2R b KQkq - 0 7,g4d1,611,858436,0.45821070671081543,True,g4d1,731,16062,0.012798547744750977,True
43,r2qkb1r/ppp2ppp/2n2n2/4N3/2B1p1b1/3P2P1/PPP2P1P/RNBQK2R b KQkq - 0 7,c6e5,639,839076,0.4475705623626709,True,c6e5,722,14845,0.012493371963500977,True
44,r1bqkb1r/pppp1p1p/2n2np1/4p3/2B1P3/3P1N2/PPP2PPP/RNBQK2R w KQkq - 0 5,f3g5,143,87193,0.055757761001586914,True,f3g5,144,52811,0.0706794261932373,True
45,r1bqkb1r/pppp1p1p/2n2np1/4N3/2B1P3/3P4/PPP2PPP/RNBQK2R b KQkq - 0 5,c6e5,276,228172,0.1604928970336914,True,c6e5,324,78125,0.10012269020080566,True
46,r1bqkb1r/pppp1p1p/2n3p1/4p3/2B1n3/3P1N2/PPPB1PPP/RN1QK2R w KQkq - 0 6,d3e4,473,237456,0.16177940368652344,True,d3e4,474,50743,0.06641674041748047,True
47,1rbqkb1r/pppp1p1p/2n2np1/4N3/2B1P3/3P4/PPP2PPP/RNBQK2R w KQk - 1 6,e5f7,463,362092,0.1998119354248047,True,e5f7,410,39691,0.033631324768066406,True
48,r1bq1b1r/pppp1k1p/2n2np1/4N3/4P3/3P4/PPP2PPP/RNBQK2R b KQ - 0 6,c6e5,465,223433,0.13945984840393066,True,c6e5,405,56031,0.054436445236206055,True
49,r1bqkb1r/pppp1p1p/2n3p1/4p3/2B1n3/2NP1N2/PPP2PPP/R1BQK2R w KQkq - 0 6,d3e4,483,259513,0.1575946807861328,True,d3e4,506,17096,0.024933576583862305,True
50,r1bqkb1r/pppp1p1p/2n2np1/4p3/2B1P3/3P1N2/PPP2PPP/RNBQKR2 b Qkq - 1 5,f8g7,48,198562,0.13967299461364746,True,d7d5,57,136447,0.1478888988494873,True
51,r1bq1b1r/pppp1k1p/2n2np1/4p3/4P3/2NP1N2/PPP2PPP/R1BQK2R b KQ - 1 6,d7d6,368,172396,0.10426163673400879,True,d7d6,385,57217,0.08659839630126953,True
52,r1bq1b1r/pppp1k1p/2n2np1/4p3/4P3/3P1N2/PPP2PPP/RNBQK2R w KQ - 0 6,e1g1,-345,149334,0.08680391311645508,True,d3d4,-367,47923,0.05664229393005371,True
53,r1bqk2r/pppp1ppp/2n2n2/2b1p3/2B1P3/3P1N2/PPP2PPP/RNBQ1RK1 b kq - 0 5,a7a6,-19,162664,0.11766171455383301,True,d7d6,-13,59322,0.06472945213317871,True
54,1rbqk2r/pppp1ppp/2n2n2/2b1p3/2B1P3/3P1N2/PPP2PPP/RNBQ1RK1 w k - 1 6,c2c3,40,235849,0.18678665161132812,True,c2c3,55,151996,0.1880784034729004,True
55,r1bqk2r/pppp1ppp/2n5/2b1p3/2B1P3/5N2/PPP2PPP/RNBQ1RK1 b kq - 0 6,d7d6,-510,204511,0.11421680450439453,True,d7d6,-485,37424,0.049631595611572266,True
56,r1bqk2r/pppp1ppp/2n2n2/4p3/2B1P3/3P1N2/PPP2KPP/RNBQ1R2 b kq - 0 6,d7d5,-462,712095,0.47571492195129395,True,d7d5,-488,72915,0.07639813423156738,True
57,r1bqk2r/p1pp1ppp/1pn2n2/2b1p3/2B1P3/3P1N2/PPP2PPP/RNBQ1RK1 w kq - 0 6,c2c3,132,92975,0.05350017547607422,True,c2c3,95,200723,0.29116034507751465,True
58,r1bqk2r/pppp1ppp/2n5/2b1p3/2B1n3/3P1N2/PPP2PPP/RNBQ1RK1 w kq - 0 6,d3e4,517,306822,0.18208694458007812,True,d3e4,503,11579,0.016582012176513672,True
59,r1bqk2r/pppp1ppp/2n2n2/4p3/2B1P3/3PbN2/PPP2PPP/RNBQ1RK1 w kq - 1 6,f2e3,558,475708,0.2682943344116211,True,c1e3,569,16636,0.016561031341552734,True
60,r2qkb1r/ppp2ppp/2n2n2/3pp1b1/2B1P3/3P1N2/PPP2PPP/RNBQK2R w KQkq - 0 6,c4d5,162,261550,0.16599035263061523,True,c4d5,155,80386,0.09077000617980957,True
61,1r1qkb1r/ppp2ppp/2n2n2/3pp1N1/4P3/1B1P4/PPP2PPP/RNBQK2R b KQk - 0 7,h7h6,-478,118535,0.08423805236816406,True,h7h6,-485,18597,0.01695084571838379,True
62,r2qkb1r/ppp2ppp/2n2n2/3Bp1b1/4P3/3P1N2/PPP2PPP/RNBQK2R b KQkq - 0 6,f6d5,-173,196820,0.12089180946350098,True,f6d5,-149,65632,0.07652139663696289,True
63,r2qkb1r/ppp2ppp/2n2n2/3pp1N1/2B1P3/3P4/PPP2PPP/RNBQK2R b KQkq - 0 6,d5c4,46,303982,0.18332839012145996,True,d5c4,28,218766,0.26572370529174805,True
64,r2qkb1r/ppp2ppp/2n2n2/3Pp1b1/2B5/3P1N2/PPP2PPP/RNBQK2R b KQkq - 0 6,g5c1,-54,248640,0.16642451286315918,True,g5c1,-66,35765,0.06709933280944824,True
65,r2qkb1r/ppp2ppp/2n2n2/4p1b1/2p1P3/3PBN2/PPP2PPP/RN1QKR2 b Qkq - 1 7,g5e3,641,417623,0.25980353355407715,True,g5e3,562,74574,0.09980940818786621,True
66,r2qkb1r/ppp2ppp/2n2n2/3pp1B1/2B1P3/3P1N2/PPP2PPP/RN1QK2R b KQkq - 0 6,d5c4,-44,179541,0.12514305114746094,True,d5c4,-29,83713,0.08183050155639648,True
67,r3kb1r/ppp2ppp/2nq1n2/3pN1B1/2B1P3/3P4/PPP2PPP/RN1QK2R b KQkq - 0 7,c6e5,-152,445061,0.299818754196167,True,d6e5,-166,80123,0.10641145706176758,True
68,r2qkb1r/ppp2ppp/2n2n2/3pp1b1/2B1P2N/3P4/PPP2PPP/RNBQK2R b KQkq - 1 6,g5c1,422,220114,0.1251511573791504,True,g5h4,375,24734,0.025569915771484375,True
69,r1bqkb1r/pppp1ppp/2n2n2/4p3/2B1P3/3P1N2/PPP2PPP/RNBQK2R b KQkq - 0 4,f8c5,-5,153530,0.13971352577209473,True,f8c5,-15,155628,0.17391395568847656,True
70,r1bqkb1r/pppp1ppp/2n5/4N3/2B1n3/3P4/PPP2PPP/RNBQK2R b KQkq - 0 5,c6e5,407,503732,0.3541250228881836,True,c6e5,333,43037,0.0415501594543457,True
71,r1bqkb1r/pppp1ppp/8/n3p3/2B1P3/5N2/PPP2PPP/RNBQK2R w KQkq - 1 6,c4f7,714,437074,0.2845728397369385,True,c4f7,549,203020,0.1999528408050537,True
72,r1bqk2r/pppp1ppp/2n2n2/2b1p3/2B1P3/3P1N2/PPP2PPP/RNBQK2R w KQkq - 1 5,c2c3,18,160355,0.11882877349853516,True,c2c3,17,181517,0.20038175582885742,True
73,r1bqkb1r/pppp1ppp/2n5/4p3/2B1n3/3P1N2/PPP2PPP/RNBQK2R w KQkq - 0 5,d3e4,517,190728,0.1475543975830078,True,d3e4,504,65669,0.0835261344909668,True
74,r1bqkb1r/1ppp1ppp/2n5/p3p3/2B1P3/5N2/PPP2PPP/RNBQK2R w KQkq - 0 6,f3g5,524,382994,0.2380836009979248,True,f3g5,527,33963,0.06756067276000977,True
75,r1bqk2r/pppp1ppp/2n2n2/4N3/1bB1P3/3P4/PPP2PPP/RNBQK2R w KQkq - 1 6,c2c3,69,52926,0.041002511978149414,True,c2c3,35,50102,0.06647682189941406,True
76,r2qkb1r/ppp2ppp/2n2n2/3pp1b1/2B1P3/3P1N2/PPP2PPP/RNBQK2R b KQkq - 0 6,g5c1,375,198707,0.11062741279602051,True,g5c1,336,30128,0.0278472900390625,True
77,r2qkb1r/ppp2ppp/2n2n2/4p1B1/2B1p3/3P1N2/PPP2PPP/RN1QK2R b KQkq - 0 7,e4f3,-5,148116,0.09816312789916992,True,e4f3,-2,91824,0.10505843162536621,True
78,r2qkb1r/ppp2ppp/2n2n2/3pp3/2B1P3/3P1N2/PPPb1PPP/RNBQK2R w KQkq - 1 7,b1d2,238,148982,0.11223888397216797,True,b1d2,210,93079,0.1502385139465332,True
79,r2qkb1r/ppp2ppp/2n2n2/4p1b1/2p1P3/3P1N2/PPP2PPP/RNBQK2R w KQkq - 0 7,c1g5,-42,189903,0.14163613319396973,True,c1g5,-32,152295,0.17760467529296875,True
80,r2q1b1r/pppk1ppp/5n2/3pn1b1/2B1P3/3P4/PPP2PPP/RNBQK2R w KQ - 0 8,c1g5,-131,523167,0.33969688415527344,True,c1g5,-149,123955,0.13869547843933105,True
81,r2qk2r/ppp2ppp/2n2n2/3pp1b1/1bB1P3/3P1N2/PPP2PPP/RNBQK2R w KQkq - 1 7,c2c3,-279,123416,0.08980369567871094,True,c2c3,-225,49980,0.057852983474731445,True
82,r2qkb1r/ppp2ppp/2n2n2/4p1b1/2B1p3/3P1N2/PPP2PPP/RNBQK2R w KQkq - 0 7,f3g5,497,494453,0.2754082679748535,True,f3g5,471,28359,0.02454352378845215,True
83,r2qkb1r/ppp2ppp/2n2n2/4p3/2p1P3/3P1N2/PPPQ1PPP/RNb1K2R w KQkq - 0 8,d2d1,-645,307612,0.1654186248779297,True,d2c1,-597,18800,0.018671274185180664,True
84,r2qkb1r/ppp2ppp/2n5/3pp1b1/2B1n3/1P1P1N2/P1P2PPP/RNBQK2R b KQkq - 0 7,f8b4,449,296430,0.19303321838378906,True,f8b4,300,49656,0.05836367607116699,True
85,r2qkb1r/ppp2ppp/5n2/3pn3/2B1P3/3P4/PPP2PPP/RNbQK2R w KQkq - 0 8,c4b5,-595,215797,0.12866687774658203,True,c4b5,-623,21425,0.010878324508666992,True
86,8/2p5/3p4/KP5r/1R3p1k/8/4P1P1/8 w - - 0 1,b4f4,53,394846,0.27844834327697754,True,b4f4,8,640464,0.5497152805328369,True
87,8/2p5/3p4/KP5r/1R3pPk/8/4P3/8 b - - 0 1,h4g4,12,214375,0.12626409530639648,True,h4g4,6,135513,0.1335616111755371,True
88,8/2p5/3p4/KP5r/1R3p1k/6P1/4P3/8 b - - 0 1,h4g3,189,197531,0.1256566047668457,True,h4g3,131,110516,0.11453866958618164,True
89,8/2p5/K2p4/1P5r/1R3p1k/8/4P1P1/8 b - - 1 1,h4g3,0,120346,0.06663274765014648,True,h4g3,6,65352,0.07410001754760742,True
90,8/8/3p4/KPp4r/5p1k/8/4P1P1/1R6 w - - 0 2,b1h1,579,39688,0.0184326171875,True,b1h1,584,80890,0.04980778694152832,True
91,8/2p5/3p4/KP4kr/5R2/8/4P1P1/8 w - - 1 2,f4f7,476,77771,0.05215954780578613,True,f4f7,391,82762,0.08373117446899414,True
92,8/2p5/3p4/KP5r/1R3p2/6k1/4P3/8 w - - 0 2,b4b3,-217,276464,0.19986414909362793,True,a5a6,-173,247863,0.25038981437683105,True
93,8/8/3p4/KPp4r/5p1k/1R6/4P1P1/8 w - - 0 2,b3h3,578,58973,0.024474382400512695,True,b3h3,656,118013,0.08449339866638184,True
94,8/8/2k5/5p2/2K3p1/8/3P4/8 w - - 0 1,c4d4,-715,80511,0.03545808792114258,True,c4d4,-511,52028,0.033095359802246094,True
95,8/8/8/3k1p2/6p1/1K6/3P4/8 w - - 2 2,b3c3,-872,73035,0.04134869575500488,True,b3b4,-1070,137982,0.05619978904724121,True
96,8/8/2k5/5p2/3K2p1/8/3P4/8 b - - 1 1,g4g3,746,31427,0.022827625274658203,True,c6d6,518,191164,0.0907583236694336,True
97,8/8/2k5/5p2/6p1/2K5/3P4/8 b - - 1 1,g4g3,776,15458,0.01758551597595215,True,c6d5,715,37145,0.03519797325134277,True
98,8/1k6/8/5p2/6p1/1K6/3P4/8 w - - 2 2,b3c2,-781,42725,0.022365570068359375,True,b3c4,-528,126910,0.05023956298828125,True
99,8/8/2k5/5p2/6p1/1K6/3P4/8 b - - 1 1,g4g3,774,24756,0.010850906372070312,True,c6d5,978,175172,0.07950472831726074,True
100,8/8/1p1k4/3p4/3P4/1P1K4/8/8 w - - 0 1,d3e3,0,7383,0.0,True,d3e3,0,12061,0.008275508880615234,True
101,8/8/1p2k3/3p4/1P1P4/3K4/8/8 w - - 1 2,d3d2,-726,21887,0.009620904922485352,True,d3d2,-743,134153,0.052091121673583984,True
102,8/8/1p1k4/3p4/3P4/1P6/4K3/8 b - - 1 1,d6e6,0,3427,0.0,True,d6e6,0,7375,0.003354787826538086,True
103,8/2k5/1p6/3p4/3P4/1P6/2K5/8 w - - 2 2,c2c3,488,37403,0.018257617950439453,True,c2c3,545,78595,0.0395658016204834,True
104,8/8/1p1k4/3p4/3P4/1P2K3/8/8 b - - 1 1,d6e6,0,3332,0.00790858268737793,True,d6e7,0,13415,0.008772850036621094,True
105,8/4k3/1p6/3p4/1P1P4/3K4/8/8 w - - 1 2,d3e3,0,5048,0.002192974090576172,True,d3e3,0,4187,0.00518798828125,True
106,8/8/1p1k4/3p4/3P4/1P6/3K4/8 b - - 1 1,d6e6,0,5413,0.00890493392944336,True,d6e6,0,37859,0.0277557373046875,True
107,8/3k4/1p6/3p4/3P4/1P2K3/8/8 w - - 2 2,e3f4,750,27428,0.016937971115112305,True,e3f4,535,100998,0.05030369758605957,True
108,8/8/8/4k3/4P3/4K3/8/8 w - - 0 1,e3f3,11,10517,0.0038704872131347656,True,e3d3,22,22984,0.016749143600463867,True
109,8/8/8/4k3/4P3/5K2/8/8 b - - 1 1,e5e6,-5,15147,0.020236730575561523,True,e5f6,-19,30033,0.012245416641235352,True
110,8/8/8/4k3/4P3/8/5K2/8 b - - 1 1,e5e4,0,7206,0.009008407592773438,True,e5e4,0,48382,0.03396868705749512,True
111,8/8/8/4k3/4P3/8/4K3/8 b - - 1 1,e5e4,0,5369,0.0,True,e5e4,0,32162,0.01790595054626465,True
112,8/8/8/4k3/4P3/3K4/8/8 b - - 1 1,e5e6,-21,28871,0.013970375061035156,True,e5d6,-17,41439,0.016506433486938477,True
113,8/8/8/8/4Pk2/8/4K3/8 w - - 2 2,e2d3,12,11319,0.01536250114440918,True,e2d3,5,62308,0.03328561782836914,True
114,8/8/8/3k4/3P4/3K4/8/8 b - - 0 1,d5c6,0,29656,0.02456808090209961,True,d5d6,-12,44786,0.01409912109375,True
115,8/8/3k4/8/3P4/8/4K3/8 b - - 2 2,d6e6,0,5997,0.005388736724853516,True,d6e6,-18,37414,0.01580500602722168,True
116,8/8/2k5/8/3P4/3K4/8/8 w - - 1 2,d3e4,9,10385,0.0,True,d3e4,0,97556,0.02321171760559082,True
117,8/8/4k3/8/3P4/3K4/8/8 w - - 1 2,d3c4,0,14428,0.0063457489013671875,True,d3e4,0,117465,0.03729581832885742,True
118,8/8/3k4/8/3P4/3K4/8/8 w - - 1 2,d3c4,0,24856,0.0,True,d3e4,0,77188,0.026094436645507812,True
119,8/8/3k4/3P4/8/3K4/8/8 b - - 0 2,d6d5,0,7216,0.008121013641357422,True,d6d5,0,22457,0.013602972030639648,True
120,8/8/3k4/8/3P4/8/3K4/8 b - - 2 2,d6e6,0,18967,0.003500223159790039,True,d6c7,-17,48731,0.017285823822021484,True
121,8/8/8/2k5/2P5/2K5/8/8 w - - 0 1,c3b3,0,8198,0.0,True,c3d3,0,57722,0.008931875228881836,True
122,8/8/3k4/8/2P5/8/2K5/8 w - - 2 2,c2b3,0,21619,0.0066683292388916016,True,c2d2,15,38116,0.023732662200927734,True
123,8/8/8/2k5/2P5/8/1K6/8 b - - 1 1,c5b4,0,7115,0.0,True,c5c4,0,56624,0.012210845947265625,True
124,8/8/3k4/8/2P5/3K4/8/8 w - - 2 2,d3d4,13,21348,0.007959604263305664,True,d3d4,1,56742,0.019962310791015625,True
125,8/8/8/2k5/2P5/8/2K5/8 b - - 1 1,c5c4,0,5157,0.0040204524993896484,True,c5c4,0,21511,0.010335922241210938,True
126,8/8/2k5/8/2P5/8/2K5/8 w - - 2 2,c2c3,16,18978,0.008936643600463867,True,c2b3,18,26796,0.014667987823486328,True
127,8/8/1k6/8/2P5/3K4/8/8 w - - 2 2,d3d4,12,15084,0.00492095947265625,True,d3d4,0,69738,0.0253603458404541,True
128,8/8/8/8/8/3k4/3p4/3K3R w - - 0 1,h1h2,804,88709,0.03229784965515137,True,h1g1,506,50760,0.01448965072631836,True
129,8/8/8/8/8/3k4/3p3R/3K4 b - - 1 1,d3e4,-799,62566,0.024143218994140625,True,d3e4,-518,28669,0.01098012924194336,True
130,8/7R/8/8/8/3k4/3p4/3K4 b - - 1 1,d3e3,-794,48564,0.021753787994384766,True,d3e4,-545,48324,0.02093672752380371,True
131,8/8/8/8/2k5/8/3p4/3KR3 w - - 2 2,d1d2,788,68999,0.02572464942932129,True,e1e2,507,42197,0.00540924072265625,True
132,8/8/8/8/8/3k4/3p4/3K1R2 b - - 1 1,d3e3,-809,47873,0.015720367431640625,True,d3c4,-515,50319,0.02239823341369629,True
133,8/8/7R/8/8/3k4/3p4/3K4 b - - 1 1,d3e3,-805,91898,0.03535914421081543,True,d3e3,-523,34429,0.012192010879516602,True
134,8/8/8/8/3k4/8/3p3R/3K4 w - - 2 2,h2d2,795,105130,0.025315284729003906,True,h2e2,510,53727,0.020598173141479492,True
135,7R/8/8/8/8/3k4/3p4/3K4 b - - 1 1,d3d4,-815,78962,0.03601980209350586,True,d3e3,-502,39516,0.015099048614501953,True
136,8/8/8/8/8/3K4/3P4/3k3r b - - 0 1,h1h3,811,90785,0.03484535217285156,True,h1h3,494,49369,0.02625107765197754,True
137,8/8/8/8/8/8/3PK3/2k4r b - - 2 2,h1h2,805,50348,0.01691412925720215,True,h1h3,485,38305,0.016438007354736328,True
138,8/8/8/7r/8/3K4/3P4/3k4 w - - 1 2,d3c3,-825,79952,0.050238609313964844,True,d3c3,-465,72811,0.025925636291503906,True
139,7r/8/8/8/8/3K4/3P4/3k4 w - - 1 2,d3e3,-829,84502,0.031110048294067383,True,d3d4,-449,115655,0.03540515899658203,True
140,8/8/8/8/3K4/8/3P4/2k4r b - - 2 2,c1d2,811,75636,0.024632930755615234,True,c1d2,460,61114,0.029155969619750977,True
141,8/8/8/8/7r/2K5/3P4/3k4 b - - 2 2,h4h3,810,51013,0.02765345573425293,True,h4h3,480,43400,0.00917816162109375,True
142,8/8/8/8/8/2K5/3P4/4k2r b - - 2 2,h1h3,818,93775,0.02958202362060547,True,e1e2,466,43087,0.027063608169555664,True
143,8/8/8/3k4/3n4/3K4/3B4/8 w - - 0 1,d2c1,0,9335,0.0064544677734375,True,d2f4,0,188649,0.1797776222229004,True
144,8/8/8/3k2B1/8/3K1n2/8/8 w - - 2 2,g5c1,0,12756,0.0010063648223876953,True,g5f6,-1,189519,0.18235349655151367,True
145,8/8/8/3k4/3n4/3K4/8/2B5 b - - 1 1,d4c2,0,8613,0.004183530807495117,True,d4f3,3,201756,0.2611668109893799,True
146,8/8/7B/3k4/3n4/3K4/8/8 b - - 1 1,d4c2,0,8494,0.0,True,d4e6,0,121012,0.12626934051513672,True
147,8/8/3k4/8/3n4/4K3/3B4/8 w - - 2 2,e3d4,0,8920,0.004237651824951172,True,e3d4,28,78842,0.07005095481872559,True
148,8/8/4k3/8/1B1n4/3K4/8/8 w - - 2 2,d3d4,0,9307,0.01057291030883789,True,d3d4,0,113811,0.13239574432373047,True
149,8/8/8/8/3nk3/2K5/3B4/8 w - - 2 2,d2c1,0,9128,0.009245872497558594,True,c3c4,-3,237064,0.2508833408355713,True
150,8/8/8/B2k4/3n4/3K4/8/8 b - - 1 1,d4c2,0,8139,0.0,True,d4f3,1,262623,0.28343892097473145,True
151,8/8/8/3K4/3N4/3k4/3b4/8 b - - 0 1,d2c1,0,9335,0.0041027069091796875,True,d2e1,1,277965,0.2721998691558838,True
152,8/8/8/3K4/3N4/2bk4/8/8 w - - 1 2,d4c2,0,8605,0.012444257736206055,True,d4c6,0,144050,0.1317589282989502,True
153,8/8/2N5/3K2b1/8/3k4/8/8 b - - 2 2,g5c1,0,10711,0.016932964324951172,True,g5c1,-1,261796,0.28386902809143066,True
154,8/8/8/3K4/3N4/3kb3/8/8 w - - 1 2,d4c2,0,9387,0.010762453079223633,True,d4c6,1,200296,0.2835514545440674,True
155,8/8/8/1N1K4/1b6/3k4/8/8 b - - 2 2,b4e1,0,11863,0.01466059684753418,True,b4e1,0,182647,0.1833648681640625,True
156,8/8/8/3K4/8/3kbN2/8/8 b - - 2 2,e3c1,0,12207,0.0,True,e3f4,2,260212,0.31513524055480957,True
157,8/8/8/b2K4/3N4/3k4/8/8 w - - 1 2,d4c2,0,8139,0.005081653594970703,True,d4f5,0,184477,0.23323535919189453,True
158,8/8/8/3K4/1b1N4/3k4/8/8 w - - 1 2,d4c2,0,9041,0.014548540115356445,True,d4f3,1,199752,0.24113750457763672,True
159,r1bqkb1r/ppp2ppp/2n2n2/3pp3/3PP3/2N2N2/PPP2PPP/R1BQKB1R w KQkq - 0 5,f3e5,104,359077,0.27038025856018066,True,f3e5,91,92578,0.13309788703918457,True
160,r1bqk2r/ppp2ppp/2n2n2/2bpp3/3PP3/2N2NP1/PPP2P1P/R1BQKB1R w KQkq - 1 6,d4c5,266,175587,0.15283751487731934,True,d4c5,282,67889,0.08855223655700684,True
161,r1bqkb1r/ppp2ppp/2n2n2/3pp1B1/3PP3/2N2N2/PPP2PPP/R2QKB1R b KQkq - 1 5,e5d4,-72,301117,0.23356318473815918,True,e5d4,-65,124225,0.1365041732788086,True
162,r1bqkb1r/ppp2ppp/2n2n2/3pp3/3PP3/5N2/PPP1NPPP/R1BQKB1R b KQkq - 1 5,d5e4,196,158700,0.09986424446105957,True,f6e4,158,45533,0.08594107627868652,True
163,r1bqkb1r/ppp2ppp/5n2/3pp3/1n1PP3/1PN2N2/P1P2PPP/R1BQKB1R w KQkq - 1 6,f3e5,8,257713,0.16738557815551758,True,d4e5,27,235182,0.29059314727783203,True
164,r1bqkb1r/ppp2ppp/2n2n2/1B1pp3/3PP3/2N2N2/PPP2PPP/R1BQK2R b KQkq - 1 5,f8b4,-66,169054,0.10742712020874023,True,f8b4,-68,102415,0.11834025382995605,True
165,r2qkb1r/pppb1ppp/2n2n2/3pp3/3PP3/5N2/PPP1NPPP/R1BQKB1R w KQkq - 2 6,e4d5,27,233124,0.14761781692504883,True,e4d5,31,208764,0.2312479019165039,True
166,r2qkb1r/pppb1ppp/2n2n2/4P3/4p3/2N2N2/PPP2PPP/R1B1KB1R w KQkq - 0 7,f3g5,-545,877122,0.4247093200683594,True,e5f6,-572,23378,0.015585660934448242,True
167,r1bqk2r/ppp2ppp/2n2n2/3pp3/3PP2P/b1N2N2/PPP2PP1/R1BQKB1R w KQkq - 1 6,b2a3,377,426951,0.22341370582580566,True,b2a3,335,35011,0.04705500602722168,True
168,r1bqkb1r/ppp2ppp/2n2n2/3pp3/3PP3/2N2N1P/PPP2PP1/R1BQKB1R b KQkq - 0 5,f6e4,64,215714,0.13323235511779785,True,f6e4,87,28950,0.026367664337158203,True
169,r1b1kb1r/ppp2ppp/2n2n2/3qp3/3P4/2N2N2/PPP2PPP/R1BQKB1R w KQkq - 0 6,c3d5,511,809255,0.42557263374328613,True,c3d5,541,21239,0.015543699264526367,True
170,r1bqk2r/ppp2p1N/2n2n2/2bpp1p1/3PP3/2N5/PPP2PPP/R1BQKB1R w KQkq - 0 7,h7f6,502,325734,0.17585253715515137,True,h7f6,438,31521,0.03153204917907715,True
171,r1bqk2r/ppp2ppp/2n2n2/3Pp3/1b1P4/2N2N2/PPPQ1PPP/R1B1KB1R b KQkq - 0 6,e5d4,58,478907,0.3030126094818115,True,e5d4,28,134081,0.1781618595123291,True
172,r1bqkbr1/1pp2ppp/2n2n2/pB1pp3/3PP3/2N5/PPP2PPP/R1BQK1NR w KQq - 0 7,g1f3,177,132170,0.0714111328125,True,g1f3,194,72194,0.07633566856384277,True
173,r1bqkbnr/ppp2ppp/2n5/3pp1B1/3PP3/2N5/PPP2PPP/R2QKBNR b KQkq - 3 6,d8g5,344,231205,0.13328194618225098,True,d8g5,320,35345,0.05278754234313965,True
174,r1bq1rk1/ppp1bppp/2n2n2/3p4/3P4/2N1PN2/PPP1BPPP/R1BQ1RK1 w - - 0 7,a2a3,159,387494,0.24976587295532227,True,b2b3,171,59981,0.059252262115478516,True
175,r1bq1rk1/ppp2ppp/2n2n2/3p2N1/3P4/b1N1P3/PPP1BPPP/R1BQ1RK1 w - - 2 8,b2a3,520,272401,0.1407320499420166,True,b2a3,495,23910,0.020697593688964844,True
176,r1bq1rk1/ppp1bppp/2n2n2/3p2N1/3P4/2N1P3/PPP1BPPP/R1BQ1RK1 b - - 1 7,f8e8,-102,227080,0.1331331729888916,True,a7a6,-105,101205,0.10933947563171387,True
177,r1q2rk1/ppp1bppp/2n2n2/3pNb2/3P4/2N1PP2/PPP1B1PP/R1BQ1RK1 w - - 1 9,c1d2,162,211491,0.13347363471984863,True,g2g4,183,82161,0.0828084945678711,True
178,r1bq1rk1/ppp1bppp/2n2n2/3p4/3P4/2N1PNP1/PPP1BP1P/R1BQ1RK1 b - - 0 7,f8e8,-90,250589,0.16131091117858887,True,f8e8,-88,156182,0.16466856002807617,True
179,r1b2rk1/ppp1bppp/2nq1n2/3p4/3P4/2N1PN2/PPP1BPPP/R1BQ1RK1 b - - 3 8,c8e6,-133,272393,0.19968557357788086,True,c8f5,-138,96173,0.1157066822052002,True
180,r1bq1rk1/1pp1bpp1/p1n2n2/3p2Np/3P4/2N1P2P/PPP1BPP1/R1BQ1RK1 w - - 0 9,e2d3,172,155772,0.10007643699645996,True,a2a3,194,38908,0.032921552658081055,True
181,r1bq1rk1/ppp1bppp/2n5/3p4/3Pn3/4PN2/PPP1BPPP/R1BQ1RK1 w - - 0 8,c2c4,-398,76349,0.03351187705993652,True,c2c4,-424,19484,0.009313106536865234,True
182,r1bq1rk1/ppp1bppp/B4n2/n2p4/3P4/2N1PN2/PPP2PPP/R1BQ1RK1 w - - 2 8,a6d3,159,115617,0.0658102035522461,True,a6d3,163,81282,0.08376836776733398,True
183,r1bq1rk1/pp2bppp/5n2/n1pp4/1P1P3N/2N1P3/P1P1BPPP/R1BQ1RK1 w - - 0 9,b4a5,283,53780,0.0384366512298584,True,b4a5,347,31146,0.0303955078125,True
184,r1b1qrk1/ppp1bppp/2n2n2/3p4/3P2P1/2NQPN2/PPP1BP1P/R1B2RK1 b - - 0 8,c8g4,137,291918,0.1794569492340088,True,c8g4,117,158820,0.16677641868591309,True
185,r1bq1rk1/ppp1bppp/B1n2n2/3p4/3P4/2N1PN2/PPP2PPP/R1BQ1RK1 b - - 1 7,b7a6,469,304298,0.1500849723815918,True,b7a6,421,62287,0.06407499313354492,True
186,r2q1rk1/pppbbppp/2n2n2/3p4/3P4/2NBPN2/PPP2PPP/R1BQ1RK1 w - - 2 8,e3e4,190,140612,0.1037282943725586,True,h2h3,165,80069,0.08294439315795898,True
187,r2q1rk1/ppp1bppp/2n1bn2/3p4/3P4/2N1P3/PPPNBPPP/R1BQR1K1 b - - 3 8,a7a6,-123,179177,0.1172785758972168,True,e6f5,-132,85382,0.10918211936950684,True
188,rq3rk1/pppbbppp/2n2n2/3p4/2PP4/4PN2/PP2BPPP/RNBQ1RK1 w - - 1 9,c4d5,300,190182,0.10242986679077148,True,c4d5,273,36059,0.0328519344329834,True
189,r1bqkb1r/pp3ppp/2n2n2/2ppp3/3PP3/2N2N2/PPP2PPP/R1BQKB1R w KQkq - 0 6,d4e5,105,252175,0.17416763305664062,True,d4e5,100,32849,0.05128359794616699,True
190,r1bqkb1r/p4ppp/1pn2n2/2ppp3/3PP3/5N2/PPP1NPPP/R1BQKB1R w KQkq - 0 7,f3e5,161,226843,0.16712117195129395,True,f3e5,185,67610,0.07451748847961426,True
191,r1bqkb1r/pp3ppp/2n2n2/2ppp3/3PP3/2N5/PPPN1PPP/1RBQKB1R w Kkq - 4 8,d4e5,134,365048,0.20755672454833984,True,d4e5,108,68616,0.07583737373352051,True
192,r1b1kb1r/pp3ppp/2nq1n2/2ppp3/3PP3/2N2N2/PPP1KPPP/R1BQ1B1R w kq - 2 7,d4e5,-20,229307,0.15013360977172852,True,d4e5,-33,432229,0.43793559074401855,True
193,r1bqkb1r/pp3ppp/2n2n2/2ppp3/3PP3/2N5/PPPN1PPP/R1BQKB1R b KQkq - 1 6,c5d4,256,87093,0.05933260917663574,True,c5d4,243,24290,0.040403127670288086,True
194,r2qkb1r/pp3ppp/2n1bn2/2ppp3/3PP3/2N2N2/PPPB1PPP/R2QKB1R w KQkq - 2 7,e4d5,41,215424,0.13619208335876465,True,e4d5,59,88063,0.09427618980407715,True
195,r1bqkb1r/pp3ppp/5n2/P1ppp3/1n1PP3/2N2N2/1PP2PPP/R1BQKB1R b KQkq - 0 7,e5d4,97,200978,0.14013671875,True,c5d4,119,168546,0.1726393699645996,True
196,r1bqkb1r/pp3ppp/2n2n2/2Ppp3/4P3/2N2N2/PPP2PPP/R1BQKB1R b KQkq - 0 6,d5d4,102,74713,0.03631019592285156,True,d5d4,73,167482,0.1829521656036377,True
197,r1b1kb1r/pp3ppp/2n2n2/qBppp3/3PPB2/2N2N2/PPP2PPP/R2QK2R b KQkq - 3 7,c5d4,409,581447,0.30766725540161133,True,c5d4,352,42078,0.03718233108520508,True
198,r1b1kb1r/pp3ppp/1qn2n2/1Nppp3/3PP3/5N2/PPPK1PPP/R1BQ1B1R b kq - 3 7,f6e4,611,1092859,0.6334891319274902,True,f6e4,494,54169,0.04723000526428223,True
199,r1bqkb1r/pp3ppp/2n2n2/2pNp3/3PP3/5N2/PPP2PPP/R1BQKB1R b KQkq - 0 6,c5d4,17,276674,0.17420339584350586,True,c5d4,18,48679,0.04268908500671387,True
200,r1bqkb1r/pp3ppp/5n2/2ppp3/1n1PP1P1/2N2N2/PPP2P1P/R1BQKB1R w KQkq - 1 7,f1b5,22,248865,0.1499042510986328,True,f1b5,18,138411,0.17446374893188477,True
201,r1bqkb1r/pp3ppp/2n2n2/2ppp3/3PP3/2NQ1N2/PPP2PPP/R1B1KB1R b KQkq - 1 6,c5d4,287,153267,0.09367966651916504,True,c5d4,253,90195,0.10018754005432129,True
202,r1bqkb1r/pp3ppp/2n2n2/2ppp3/3PP3/2N2N2/PPPB1PPP/R2QKB1R b KQkq - 1 6,c5d4,279,161153,0.0989224910736084,True,c5d4,300,35098,0.03253436088562012,True
203,r1bqkb1r/1p3ppp/2n2n2/p1ppp3/3PP3/5N2/PPP2PPP/RNBQKB1R w KQkq - 0 7,d4e5,-31,173507,0.09993267059326172,True,d4e5,-40,299260,0.32173776626586914,True
204,r1bqkb1r/pp3ppp/2n2n2/2pPp3/3P4/2N2N2/PPP2PPP/R1BQKB1R b KQkq - 0 6,c6d4,-17,322695,0.21721887588500977,True,c6d4,12,231221,0.2497868537902832,True
205,r1bq1rk1/pp2bppp/2n2n2/2ppp3/3PP3/2N1BN2/PPP2PPP/R1BQ1RK1 w - - 0 8,d4e5,53,258106,0.14971494674682617,True,d4e5,179,59040,0.06194877624511719,True
206,r1bq1rk1/pp2bppp/5n2/2ppp1B1/1n1PP3/2N2NP1/PPP2P1P/R1BQ1RK1 b - - 0 9,c5d4,361,325432,0.1665339469909668,True,c5d4,294,42641,0.04669761657714844,True
207,r1bq1rk1/pp2bppp/2n2n2/2ppN3/3PP3/2N1B3/PPP2PPP/R1BQ1RK1 b - - 0 8,c6d4,-17,146406,0.08178901672363281,True,c6d4,-8,215667,0.21694040298461914,True
208,r1bq1rk1/1p3ppp/2n2n1B/p1bpp3/4P3/2N2N2/PPP2PPP/R1BQ1RK1 w - - 0 10,e4d5,10,265395,0.15824079513549805,True,e4d5,20,607488,0.6021349430084229,True
209,r1bqr1k1/pp2bppp/2n5/2pNp1N1/3PP1n1/4B3/PPP2PPP/R1BQ1RK1 w - - 1 10,d5e7,171,333540,0.18821501731872559,True,d5e7,200,52940,0.0498051643371582,True
210,r1bq1rk1/pp2bppp/2n2n2/1Nppp3/3PP3/4BN2/PPP2PPP/R1BQ1RK1 b - - 1 8,c5d4,487,147294,0.07893204689025879,True,c5d4,361,29449,0.02377486228942871,True
211,r1b1r1k1/ppq1bppp/2n2n2/2ppp3/1P1PP3/2N1B3/P1P2PPP/R1BQNRK1 w - - 1 10,d4c5,-164,225247,0.1478586196899414,True,d4e5,-151,237345,0.20749568939208984,True
212,r1bq1rk1/pp2bppp/2n2n2/2ppp1B1/3PP3/2N2N2/PPP2PPP/R1BQ1RK1 b - - 1 8,d5e4,162,243809,0.13678789138793945,True,e5d4,120,31734,0.03663516044616699,True
213,r1bq1rk1/p3bppp/2n2n2/1pppp3/3PP3/2N1BN1P/PPP2PP1/R1BQ1RK1 w - - 0 9,d4e5,141,340061,0.1982738971710205,True,d4e5,145,284715,0.3563399314880371,True
214,r1bq1rk1/pp2bppp/2n2n2/2Ppp3/4P3/2N1BN2/PPP2PPP/R1BQ1RK1 b - - 0 8,d5d4,434,131629,0.06550073623657227,True,d5d4,390,54234,0.09431815147399902,True
215,r2q1rk1/pp2bppp/2n2n2/2pppb2/3PP3/2N1BN2/PPPB1PPP/R2QR1K1 b - - 3 9,d5e4,359,262513,0.16892743110656738,True,c5d4,242,48990,0.053334712982177734,True
216,r1b2rk1/pp1qbppp/2n2n2/2ppp3/1P1PP3/2N1BN2/P1P2PPP/R1B1QRK1 b - - 2 9,e5d4,450,328484,0.16721677780151367,True,c5d4,272,13547,0.021317005157470703,True
217,r1bq1rk1/pp2bppp/2n2n2/2ppp3/1P1PP3/2N1BN2/P1P2PPP/R1BQ1RK1 b - - 0 8,c5d4,423,166401,0.09926962852478027,True,e5d4,362,35516,0.034184932708740234,True
218,r1bq1rk1/pp2bppp/2n5/3pp3/3pP1n1/2N1B3/PPPN1P1P/R1BQ1RK1 w - - 0 10,e4d5,-615,762059,0.3677818775177002,True,e4d5,-552,33510,0.03335404396057129,True
219,r1bq1rk1/pp2bp1p/2n2n2/2ppp1p1/3PP3/2NQBN2/PPP2PPP/R1B2RK1 w - - 0 9,d4e5,173,181703,0.10204386711120605,True,d4e5,299,34953,0.0355527400970459,True
220,r1bq1rk1/pp2bppp/2n2n2/2ppp3/3PP3/2NQBN2/PPP2PPP/R1B2RK1 b - - 1 8,e5d4,457,246307,0.127213716506958,True,c5d4,496,43739,0.03883004188537598,True
221,r1bq1rk1/ppp2ppp/2n2n2/2bpp3/2B1P3/3P1N2/PPP2PPP/RNBQK2R w KQ - 0 6,e4d5,-81,261066,0.16353273391723633,True,e4d5,-83,146357,0.16304230690002441,True
222,r1bq1rk1/ppp2ppp/2n5/2bpp2n/2B1P3/2NP1N2/PPP2PPP/R1BQK2R w KQ - 2 7,c3d5,188,444345,0.31352782249450684,True,c3d5,185,119619,0.14635562896728516,True
223,r1bq1rk1/ppp2ppp/2n2n2/2bpp3/2B1P3/1P1P1N2/P1P2PPP/RNBQK2R b KQ - 0 6,d5c4,579,299758,0.18189525604248047,True,d5c4,560,32320,0.03236961364746094,True
224,r1bq1rk1/ppp2pp1/2n2n2/2bpp1Np/2B1P3/3P4/PPP2PPP/RNBQ1RK1 b - - 1 7,d5c4,585,525905,0.28967952728271484,True,d5c4,507,12985,0.013926029205322266,True
225,r1bq1rk1/ppp2ppp/2n2n2/2bpN3/2B1P3/3P4/PPP2PPP/RNBQK2R b KQ - 0 6,c6e5,593,129533,0.0751192569732666,True,c6e5,551,30593,0.031234264373779297,True
226,r1bq1rk1/ppp2ppp/2n2n2/3pp3/2BbP3/P2P1N2/1PP2PPP/RNBQK2R w KQ - 1 7,e4d5,-21,227575,0.15953278541564941,True,e4d5,-18,229426,0.22916650772094727,True
227,r1bq1rk1/ppp2ppp/2n2n2/2bpp3/2B1P3/3P1N1P/PPP2PP1/RNBQK2R b KQ - 0 6,d5c4,670,304040,0.16981816291809082,True,d5c4,574,31443,0.02837347984313965,True
228,r1b2rk1/ppp2ppp/2n2n2/2bqp3/2B5/3P4/PPP2PPP/RNBQK1NR b KQ - 1 7,d5g2,563,332128,0.22497916221618652,True,d5g2,466,18026,0.02063918113708496,True
229,r1bq1rk1/ppp2ppp/B4n2/n1bpp3/4P3/3P1N2/PPP1QPPP/RNB1K2R b KQ - 3 7,b7a6,542,501508,0.31099987030029297,True,b7a6,495,19051,0.02306056022644043,True
230,r1bq1rk1/ppp2ppp/2n2n2/2b1p3/2p1P3/3P4/PPPN1PPP/RNBQK2R w KQ - 0 7,d2c4,-588,258804,0.15258312225341797,True,d2c4,-607,13932,0.016945600509643555,True
231,r2q1rk1/ppp2ppp/B1n2n2/2bpp3/4P3/3P1N1b/PPPB1PPP/RN1QK2R b KQ - 3 7,h3g2,486,787723,0.39550352096557617,True,b7a6,397,14334,0.018299579620361328,True
232,r1bq1rk1/ppp2ppp/2nb1n2/3pp3/2B1P3/3P4/PPPN1PPP/RNBQK2R w KQ - 2 7,e4d5,6,227734,0.14682793617248535,True,e4d5,-9,237808,0.247175931930542,True
233,r2q1rk1/pppb1ppp/2n2n2/2b1p3/2p1P3/3P1N2/PPP1KPPP/RNB3QR w - - 0 8,c1g5,-747,235696,0.1499021053314209,True,c1g5,-655,45708,0.030101776123046875,True
234,r2q1rk1/ppp2ppp/2n2n2/2bppb2/2B1P3/3P1N2/PPPQ1PPP/RNB1K2R w KQ - 2 7,c4d5,-80,176831,0.1208643913269043,True,c4d5,-53,206686,0.21973371505737305,True
235,r1bqr1k1/ppp2ppp/2n2n2/2bpp3/2B1P3/N2P1NP1/PPP2P1P/R1BQK2R b KQ - 2 7,d5c4,634,354422,0.23789381980895996,True,d5c4,575,86603,0.10429906845092773,True
236,rnbq1rk1/ppp2ppp/8/2bpp3/2B1n3/3P3P/PPP2PP1/RNBQK1NR w KQ - 2 8,d3e4,-239,195303,0.1222081184387207,True,d3e4,-234,56515,0.07161808013916016,True
237,r1bqk2r/ppp2ppp/2n2n2/2bpp3/2B1P3/3P1N2/PPP2PPP/RNBQ1RK1 b kq - 0 6,d5c4,543,191902,0.1093759536743164,True,d5c4,525,24249,0.020291805267333984,True
238,r2qk2r/ppp2p1p/2n2np1/2bppb2/2BBP3/3P1N2/PPP2PPP/RN1Q1RK1 b kq - 3 8,c5d4,496,829706,0.43872976303100586,True,c6d4,480,36485,0.04345297813415527,True
239,r1bqk2r/ppp2ppp/2nb1n2/3pp3/2B1P3/3P1N2/PPPQ1PPP/RNB2RK1 b kq - 2 7,d5c4,507,205222,0.09978199005126953,True,d5c4,526,50875,0.0497591495513916,True
240,r1bqk2r/ppp2ppp/1b3n2/3pp3/PnB1P3/3P1N2/1PPN1PPP/R1BQ1RK1 b kq - 0 8,d5c4,225,146643,0.09038782119750977,True,d5c4,284,37161,0.02613210678100586,True
241,r1bqk2r/ppp2ppp/2n5/2bpp3/2B1P1n1/3P1N2/PPP2PPP/RNBQ1RK1 w kq - 1 7,c4d5,209,288284,0.178053617477417,True,c4d5,204,86944,0.10896611213684082,True
242,r1bqk2r/ppp2ppp/1bn2n2/3pp3/2B1P3/1P1P1N2/P1P2PPP/RNBQ1RK1 b kq - 0 7,d5c4,467,175189,0.10067057609558105,True,d5c4,471,45782,0.049279212951660156,True
243,r1bqkb1r/p1p2ppp/2n2n2/1p1pp3/2B1P3/3PBN2/PPP2PPP/RN1Q1R1K b kq - 3 8,b5c4,450,550483,0.28878307342529297,True,b5c4,492,18858,0.017011165618896484,True
244,r1bqk2r/ppp2pp1/2n2n2/2bpp2p/2B1P3/3P1N2/PPP2PPP/RNBQ1RK1 w kq - 0 7,e4d5,127,304431,0.22642898559570312,True,e4d5,111,93381,0.10010027885437012,True
245,r1bqk2r/ppp2pp1/2n2n1p/2bpp3/2B1P3/3P1N2/PPP2PPP/RNBQ1RK1 w kq - 0 7,e4d5,53,265829,0.17652559280395508,True,e4d5,47,221927,0.21592974662780762,True
246,r1bqk2r/ppp1bppp/2n2n2/3pp3/2B1P2N/3P4/PPP2PPP/RNBQ1RK1 b kq - 2 7,d5c4,560,307439,0.15007543563842773,True,d5c4,565,14166,0.014163732528686523,True
247,r2qk2r/p1pb1ppp/2n2n2/1pbpp3/2B1P3/3PBN1P/PPP2PP1/RN1Q1RK1 b kq - 0 8,d5d4,355,254346,0.1685023307800293,True,d5d4,359,109442,0.11587834358215332,True
248,r2qkr2/ppp2ppp/2n2n2/2bpp3/2B1P1b1/3P1NP1/PPP2P1P/RNBQ1RK1 w q - 1 8,e4d5,-68,256932,0.15279412269592285,True,e4d5,-54,316391,0.3160700798034668,True
249,r1bqk2r/pppn1p1p/2n5/2bBp1p1/3NP3/3P4/PPP2PPP/RNBQ1RK1 b kq - 0 8,c5d4,214,235363,0.14970803260803223,True,c6d4,253,125767,0.12894654273986816,True
250,r1bq3r/ppp1kppp/2n2n2/2bpp3/2B1P3/3P1N2/PPP2PPP/RNBQ1RK1 w - - 1 7,e4d5,259,248975,0.1496431827545166,True,e4d5,225,75598,0.08002567291259766,True
251,r1bqk2r/1pp2ppp/p1n2n2/2b1p3/2p1P3/3P1N2/PPPQ1PPP/RNB2RK1 w kq - 0 8,d2g5,-546,235029,0.1211702823638916,True,d3d4,-537,61425,0.0498654842376709,True
252,rn1q1bnr/ppp1pppp/1k6/1B1p4/P2P4/R3P2b/1PP2PPP/1NBQK2R w K - 1 7,g2h3,78,300296,0.17342329025268555,True,g2h3,76,223556,0.24048709869384766,True
253,rnbqk1nr/p1pp1ppp/1p2p3/8/1b1P1P1P/2P5/PP2P1P1/R1BQKBNR b KQkq - 0 5,b4e7,497,172042,0.0902552604675293,True,b4e7,376,91962,0.09834742546081543,True
254,r1bqkb1r/p1pppppp/1p3n2/2n5/8/PP4P1/2PPPPBP/RNBQK1NR w KQkq - 2 5,g2a8,369,580292,0.3137845993041992,True,g2a8,340,83642,0.08388710021972656,True
255,rnbq1bnr/1pppkpp1/pN6/4p2p/8/3P4/PPP1PPPP/R1BQKBNR w KQ - 1 5,b6a8,393,525226,0.2999889850616455,True,b6a8,340,65465,0.05014348030090332,True
256,rnb1k1nr/ppp2ppp/8/3pp1q1/7P/5N2/P1PKPPP1/RNBQ1BR1 w kq - 1 6,h4g5,541,519076,0.25031280517578125,True,f3g5,714,43974,0.026549577713012695,True
257,rnbq1knr/pppp1p2/6p1/4p3/8/3P4/PPPKPPPP/RN1Q1BNR w - - 0 5,d2e1,23,288385,0.20407390594482422,True,d2e1,36,116300,0.10042047500610352,True
258,r2qkbnr/pppnp1pp/5p2/8/6b1/4N3/PPPPPP1P/R1BQKBNR w KQkq - 0 5,e3g4,470,187874,0.10208415985107422,True,e3g4,443,108350,0.10386228561401367,True
259,rnbqk1nr/p1pp1pp1/3b4/1p2p2p/2P5/5BP1/PP1PPP1P/RNBQK1NR w KQkq - 0 5,f3a8,412,1271641,0.6500439643859863,True,f3a8,407,38428,0.024381637573242188,True
260,rnbq1bnr/pp2pkpp/3p4/2p2p2/2P5/3P1P1N/PP2P1PP/RNBQKB1R w KQ - 0 5,e2e3,30,242436,0.14027905464172363,True,e2e3,35,124439,0.14605450630187988,True
261,rnb2qnr/ppppkp1p/4p1p1/8/5P2/1PN3PN/P1PKP2P/R1BQ1B1R w - - 1 8,c1b2,675,293242,0.1693727970123291,True,f1g2,616,47553,0.06064462661743164,True
262,r1bqkbnr/p1pppp1p/8/1p2n1N1/8/PP1P4/2P1PPPP/RNBQKB1R b KQkq - 0 5,f8g7,-165,111127,0.06638956069946289,True,f8g7,-150,109483,0.12324023246765137,True
263,rnbqkb1r/1p1pp2p/2p4n/1p3p2/5p2/P7/2PPPPPP/RNBQKB1R w Qkq - 0 8,c1b2,-522,278708,0.1502530574798584,True,c1b2,-479,33334,0.02397298812866211,True
264,1n1qkbnr/1ppbpppp/r2p4/p4P2/8/P7/1PPPPKPP/RNBQ1BNR b k - 0 5,g8f6,123,274744,0.1500561237335205,True,d7f5,123,101174,0.12101149559020996,True
265,1nbqkbnr/1p1p1ppp/2p1p3/8/rp2P1P1/3P4/1BP2P1P/RN1QKBNR b KQk - 0 6,a4a1,314,185812,0.09964251518249512,True,a4a1,327,49959,0.056774139404296875,True
266,r1bqkb1r/pppppppp/2n5/8/2B1P1P1/8/PPPP3P/RNBQK1NR w KQkq - 3 6,g1f3,314,130509,0.07065749168395996,True,g1f3,330,31560,0.042046546936035156,True
267,r2qkbnr/ppp1ppp1/2npb3/7p/P7/1P1P1N2/2PQPPPP/RNB1KB1R b KQkq - 2 5,e6g4,-6,153349,0.09992480278015137,True,e6g4,8,302916,0.2761344909667969,True
268,rnbqkb1r/pp1p1pp1/4p2n/2p4p/8/P1N2PPB/1PPPP2P/R1BQK1NR b KQkq - 0 5,d7d5,80,166431,0.12348532676696777,True,d7d5,88,127683,0.13075923919677734,True
269,rnbqkbn1/pp1pp3/2p4r/5P1p/8/3PB3/PPP1PP1P/RN1QKBNR w KQq - 2 6,e3h6,454,572938,0.2907092571258545,True,e3d2,408,47586,0.04992341995239258,True
270,rnbqkbnr/1ppp2pp/8/p3p3/5p1P/2N3P1/PPPPPP2/1RBQKBNR w Kkq - 0 5,g3f4,146,203532,0.11014461517333984,True,e2e4,135,225276,0.2657444477081299,True
271,r1bqkbnr/ppp1pppp/3p4/8/P5P1/3P3P/1P1PPP2/RNBQKBNR w KQkq - 0 5,d3d4,470,181054,0.08077335357666016,True,d3d4,451,42112,0.04072761535644531,True
272,r1bqk2r/pppppp1p/2n2n1b/8/3P1p2/N4NP1/PBP1P2P/R2QKB1R w KQkq - 0 8,d4d5,-2,189010,0.10992121696472168,True,d4d5,-71,140505,0.15020394325256348,True
273,rn1qkb1r/1bpppp1p/6pn/p7/7P/1PP5/P2PPPP1/RNB1KBNR b KQkq - 0 5,b7g2,571,291813,0.13741660118103027,True,e7e6,736,60562,0.03305387496948242,True
274,rnbqkbr1/pppp1p1p/5n2/4p1p1/1P4P1/P3P3/2PP1P1P/RNBQKBNR w KQq - 1 8,c1b2,1,248536,0.15993452072143555,True,c1b2,10,357068,0.360065221786499,True
275,rnbqkbnr/2pppppp/8/1p6/4P3/1pNP4/P1P2PPP/R1BQKBNR b KQkq - 0 5,b5b4,253,163536,0.08458590507507324,True,b5b4,221,63612,0.06681632995605469,True
276,r1b1kbnr/pp2p1pp/n4p2/q1pp4/1P3P1P/2N5/P1PPP1P1/R1BQKBNR w KQkq - 1 6,b4a5,511,2158817,1.0253303050994873,True,b4a5,693,34157,0.025002002716064453,True
277,r1b1kbnr/pppp1p1p/n5p1/4P3/7q/6PP/PPPPP3/RNBQKBNR w KQkq - 1 5,g3h4,460,567619,0.2617518901824951,True,g3h4,669,54265,0.02958822250366211,True
278,r1bqkb1r/pppppp1p/n7/5nN1/8/P6P/1PPPPPP1/RNBQKB1R w KQkq - 1 5,e2e4,344,225458,0.14734888076782227,True,e2e4,337,55124,0.05604219436645508,True
279,rnb1kbnr/pppp3p/8/5pq1/3Q4/P6P/1PP1PPP1/RN2KBNR w KQkq - 1 7,b1c3,-343,136370,0.07964038848876953,True,b1c3,-359,81899,0.11626052856445312,True
280,rnbqkb1r/pppp1ppp/8/4p3/2P5/1P6/PB1PBnPP/RN1QK1NR b KQkq - 1 5,f8c5,494,109023,0.05401492118835449,True,f2d1,656,30487,0.020328521728515625,True
281,2bqkbnr/r1p1pp2/p1n3pp/3pN3/4P2P/7R/PPPP1PP1/RNB1KB2 w Qk - 0 8,e5c6,-434,449897,0.21671223640441895,True,e5c6,-405,17801,0.014150857925415039,True
282,rn1qkbnr/p1pP3p/1pb5/6p1/1PP5/N4N2/P2PPP1P/R1BQKB1R b KQkq - 0 8,b8d7,-269,516774,0.33330488204956055,True,b8d7,-257,73633,0.08135747909545898,True
283,rnb1kbnr/pppqpp1p/8/6p1/Q1p5/5PP1/PP1PP2P/RNB1KBNR w KQkq - 2 5,a4c4,-14,585763,0.383436918258667,True,a4c4,-38,185793,0.2001335620880127,True
284,r1bqkbnr/2p1pppp/p1p5/1p6/8/P6N/2P1PPPP/RNB1KB1R w KQkq - 0 8,g2g3,-440,677269,0.35173797607421875,True,c1b2,-604,17790,0.0,True
285,Rnbqk1nr/2pp3p/4p3/1p3pp1/6P1/1PP4B/1b1PPP1P/1N1QK1NR b Kk - 0 8,c8b7,144,74066,0.0331273078918457,True,c8b7,190,82310,0.08305525779724121,True
286,rnbqkbnr/2p2ppp/pp6/3Pp3/8/6PN/PPQPPP1P/RNB1KB1R b KQkq - 0 5,d8d5,51,232277,0.13870978355407715,True,d8d5,33,236125,0.2729506492614746,True
287,Bnbqk1nr/p1pp1p1p/1p4p1/4p3/1b6/6P1/P1PPPP1P/RNBQK1NR w KQk - 0 5,a8g2,471,309630,0.1487741470336914,True,a8g2,455,35801,0.016318321228027344,True
288,rnbqk1nr/1ppp1p2/6p1/p3p2p/5B1P/b2P3N/PPP1PPP1/R2QKBR1 b Qkq - 1 6,a3b4,623,735740,0.3675196170806885,True,a3b2,627,29672,0.012504100799560547,True
289,rnbqkbnr/p1ppp1pp/8/5p2/p7/N3PQ2/1PPP1PPP/R1B1KBNR w KQkq - 0 5,f3a8,620,2090338,1.002922773361206,True,f3a8,509,84671,0.05954575538635254,True
290,r1b1kb1r/1pp1pppp/p2q3n/3N4/8/1n2PP2/PBPP2PP/RQ2KBNR w KQkq - 1 8,d5c7,233,512573,0.3355379104614258,True,d5c7,222,39270,0.048981428146362305,True
291,rn1qkbnr/2p1ppp1/pp5p/3p4/8/N4P1P/PPPPP2P/R1BQKBR1 w Qkq - 0 6,d2d4,-118,203579,0.12091398239135742,True,d2d4,-134,213212,0.25527167320251465,True
292,r1b1k1nr/pp1p2pp/n1p1pp2/q7/2N1P3/5P2/1PPP2PP/1RBQKBbR w Kkq - 0 8,c4a5,549,600606,0.2665824890136719,True,c4a5,617,45986,0.036939144134521484,True
293,rn1q1bnr/pppkp1p1/3p1p1p/3P4/1P6/P7/R1P1bPPP/1NBQKBNR w K - 1 7,g1e2,684,658218,0.39267897605895996,True,f1e2,710,25172,0.02304983139038086,True
294,r1bqkbnr/1ppppppp/p7/3n4/7N/6P1/P1PPPP1P/RNBQKB1R w KQkq - 0 5,c2c4,-23,113572,0.060700416564941406,True,c2c4,-50,471101,0.4811224937438965,True
295,rnbqkb1r/ppppp1p1/5p2/7p/1P1PP1n1/8/P1P2P1P/RNBQKBNR b KQkq - 0 5,e7e5,73,483190,0.280869722366333,True,e7e5,69,166466,0.19739127159118652,True
296,rnb1kbnr/pp1q2pp/5p2/2p5/8/7P/PPPPPPP1/RNBQKBR1 b Qkq - 1 5,b8c6,347,142152,0.08637881278991699,True,d7c7,343,31740,0.03388381004333496,True
297,rnbqkb1B/pp2pp1p/2p3p1/3pn3/7P/1P3PP1/P1PPP3/RN1QKBNR w KQq - 1 7,h8e5,415,1194784,0.600064754486084,True,h8e5,664,19977,0.016645431518554688,True
298,rn2kbnr/pp2pppp/8/2pp4/8/P1N3qB/1PPPPP1P/R1BQK2R w KQkq - 0 6,h2g3,596,1068346,0.4837782382965088,True,h2g3,733,30919,0.01660752296447754,True
299,r1bqkbnr/p1pppp1p/8/1p6/5pP1/1QPP4/n3P2P/RNB1KBNR b KQkq - 1 7,a2c1,414,356076,0.1962134838104248,True,a2c1,397,19628,0.010374307632446289,True
300,rnbqkbnr/p1p1pp2/3p2p1/7p/NP6/5P2/2PPP1PP/R1BQKBNR b KQkq - 0 6,f8g7,8,285355,0.16647791862487793,True,f8g7,7,105665,0.1108391284942627,True
301,r1bqkb2/1ppppp1r/p1n3pn/7p/1P2P3/P4BPP/2PP1P2/RNBQK1NR b KQq - 4 7,f8g7,-37,164641,0.10908341407775879,True,f8g7,-41,157661,0.17139410972595215,True
302,rnbqkb1r/pp2p2p/2p2pp1/3p4/P4P2/RP5N/2PPP2n/1NBQKB1R w Kkq - 0 8,h1h2,9,686188,0.4549252986907959,True,h1h2,63,541906,0.6000699996948242,True
303,rn1qkbnr/2p1pp1p/3p4/1p6/1p5p/P4P1b/2PPP1P1/RNBQ1BKR b kq - 1 8,h3d7,464,407455,0.2230391502380371,True,h3c8,482,41442,0.03937840461730957,True
304,rnb1kbnr/p2ppppp/qpp5/8/7P/2P5/PP1PPPP1/1RBQKBNR w Kkq - 0 6,e2e4,-384,83444,0.042224884033203125,True,g1f3,-386,38801,0.03344607353210449,True
305,rn1qkbnr/ppp1p1pp/5p2/5b2/2pP4/5Q2/PP2PPPP/RNB1KBNR w KQkq - 0 5,f3f5,531,287251,0.1769263744354248,True,f3f5,489,60180,0.050122976303100586,True
306,r1bqkb1r/1pp1pppp/p4n2/3p4/P2n1P1P/6P1/1PPPP2R/RNBQKBN1 w Qkq - 0 6,h2g2,-204,100919,0.05629682540893555,True,g1f3,-207,75240,0.12685656547546387,True
307,rnBqkbnr/p1p1pppp/1p1p4/8/P7/8/1PPPPP1P/RNBQK1NR b KQkq - 0 5,d8c8,163,241293,0.15019798278808594,True,d8c8,201,84333,0.09566593170166016,True
308,r1bq1bnr/3kppp1/Bpn5/2p4p/4P3/N7/PPPP1PPP/R1BQK2R b KQ - 0 7,c8a6,587,478416,0.2497696876525879,True,c8a6,567,38617,0.016314983367919922,True
309,r1b1kbnr/pppqpp1p/n7/1B1p2p1/4P3/N7/PPPP1PPP/1RBQK1NR w Kkq - 2 5,b5d7,553,1051868,0.45224690437316895,True,b5d7,561,25624,0.019433259963989258,True
310,rnbqkb1r/p3pppp/2p4n/1p1p4/1P6/P4NP1/2PPPP1P/RNBQKB1R w KQkq - 0 5,a3a4,52,92266,0.050162553787231445,True,a3a4,57,102951,0.09997868537902832,True
311,rnq1kb1r/p2p1p1p/1pp3pn/8/3N4/8/PPPPPPPP/R1BQKB1R b KQkq - 1 6,f8g7,-224,115852,0.06438732147216797,True,f8g7,-207,40286,0.04955267906188965,True
312,B1bqk1nr/p2ppp1p/7b/np4p1/1p4PP/3P4/P1P1PP2/RNBQK1NR w KQk - 1 8,c1b2,480,173812,0.0726165771484375,True,c1b2,467,125092,0.08142876625061035,True
313,1rb1kbnr/n1qp1ppp/8/pp2p3/6P1/4PQ1P/PPPP1P1R/R1B1KBN1 b Qk - 2 8,f8d6,555,250308,0.12538957595825195,True,c8b7,580,28475,0.026994943618774414,True
314,r1b2b1r/ppppkppp/2n5/8/4P3/2P4P/PP2PPP1/RNBK1BNR b - - 2 8,c6e5,-638,94726,0.05027437210083008,True,d7d6,-532,76840,0.049965858459472656,True
315,1r2kb1r/ppp1pppp/2nq4/8/4PP2/5N2/PPPP2Pn/R1BQKB1R b KQk - 0 8,h2f1,60,189775,0.12071347236633301,True,h2f1,57,171287,0.18828177452087402,True
316,1nbqkbr1/1ppppp1p/5np1/8/5P2/1P2P2N/1BPPQ1PP/rN2K2R b K - 1 8,a1b1,885,1054710,0.45385217666625977,True,a1b1,908,133905,0.07202625274658203,True
317,rn1q1bnr/pppk1ppp/4p3/8/2p2P2/8/PP1PP1PP/RNB1KBNR w KQ - 0 6,b2b3,-431,2112956,1.0315239429473877,True,g1f3,-577,29472,0.010498046875,True
318,rnbqk1nr/ppp3pp/4pp2/3p4/3P2P1/NP6/2P1PP1P/R1BQKBNR b KQkq - 0 5,b8c6,-375,145647,0.08075928688049316,True,e6e5,-398,42406,0.048557281494140625,True
319,B1bqkb1r/p2p1ppp/n4n2/2p1p3/1p1N2P1/8/PPPPPP1P/RNBQK1R1 w Qk - 0 7,d4b5,392,353370,0.19998979568481445,True,d4f5,379,46269,0.0376129150390625,True
320,1r1qkbnr/p2ppppp/1pp5/3P4/4P1P1/1PP5/P3bP1P/RNB1K1NR b KQk - 0 8,e2g4,603,1315651,0.5838897228240967,True,e2a6,733,57333,0.02919936180114746,True
321,rn1qkbnr/p1p1pppp/6b1/8/4B3/8/PPPP1PPP/RNBQK1NR w KQkq - 1 5,e4a8,473,225523,0.11043763160705566,True,e4a8,439,44574,0.03315472602844238,True
322,r1bqk1nr/pppp1ppp/4p3/8/1b1P4/PP1Q2PP/1BPNPP2/R3KBNR b KQkq - 2 8,b4d2,-700,277486,0.1520521640777588,True,b4e7,-613,35009,0.03966259956359863,True
323,rnbqkb1r/pppppp2/6pp/8/P5n1/N7/1PPPPP1P/R1BQKBNR w KQkq - 0 5,e2e4,-171,221281,0.1393890380859375,True,e2e4,-161,71796,0.08994245529174805,True
324,rnbqk1nr/1ppppp1p/6N1/p7/4P3/1PN5/P1PPQPPP/2B1KB1R w K - 1 8,g6h8,613,197076,0.13609528541564941,True,g6h8,518,25514,0.02516341209411621,True
325,rnb2bnr/1pqpkppp/p7/2p1P3/4P2P/N7/PPPPN1PR/R1BQKB2 b Q - 2 8,e7e8,-74,241622,0.150252103805542,True,b7b5,-99,661981,0.7290570735931396,True
326,1nbqkb1r/rppppp1p/6pn/8/2P5/p4P2/3PPKPP/RNBQ1BNR w k - 0 7,a1a3,-171,209967,0.13995718955993652,True,a1a3,-154,58540,0.07097721099853516,True
327,r1bqk2r/2npppbp/6pn/8/1P5P/2P5/3PPPP1/1NBQKBNR b Kkq - 0 8,f7f5,612,341524,0.21978259086608887,True,d7d5,527,87174,0.0813753604888916,True
328,rnbqkbnr/p2pp2p/1p4p1/2p2p2/8/BPP3PP/P2PPP2/RN1QKBNR b KQkq - 1 5,c8b7,147,57851,0.031192779541015625,True,c8b7,155,75628,0.08864736557006836,True
329,rnbq1bnr/1ppkp1pp/p7/3p1p1B/8/1P1PP3/P1P2PPP/RNBQK1NR b KQ - 0 5,e7e6,-63,202346,0.1295332908630371,True,g8f6,-69,129282,0.13895535469055176,True
330,r1bqkbnr/1ppp2pp/p4p2/n3p1B1/8/2NP1P2/PPP1PKPP/1R1Q1BNR b kq - 1 6,f6g5,585,419490,0.23305058479309082,True,f6g5,525,29175,0.027531862258911133,True
331,rn2kbnr/p2qpppp/3p4/2Q5/2p1P3/8/PP1P1PPP/RNB1K1NR w KQkq - 0 8,c5c4,115,167335,0.10001277923583984,True,c5c4,109,123411,0.1310741901397705,True
332,r1bqkb1r/p1p1pppp/np1p4/8/5Pn1/P2P4/NPPQP1PP/R1B1KBNR b KQkq - 4 6,g7g6,-5,330156,0.21879363059997559,True,e7e5,11,248752,0.25056934356689453,True
333,rnb1kbnr/p2pq2p/1p2pp2/6p1/4P3/5N2/1PPPQPPP/RNB1KB1R w KQkq - 2 7,h2h4,183,217543,0.1269087791442871,True,f3d4,207,60969,0.06200361251831055,True
334,rn1qkbnr/p1p1pppp/1p6/3p4/3P4/4Pb2/PPP3PP/RNBK1BNR w kq - 0 6,g1f3,-407,3211819,1.5498239994049072,True,g1f3,-599,39893,0.010729312896728516,True
335,rnb1kbnr/1p1pp1pp/p1p2p2/2q5/6P1/1PNPB3/P1P1PP1P/R2QKBNR w KQkq - 3 6,e3c5,501,967620,0.47764110565185547,True,e3c5,709,38246,0.017560720443725586,True
336,Bnbqk1r1/2pp1ppp/pp1b1p2/8/1P6/8/P1PPPP1P/RNBQK1NR w KQ - 1 7,b1c3,407,353176,0.17273545265197754,True,c1b2,597,49430,0.020517349243164062,True
337,1nbqk2r/rpppbp1p/p6p/8/1PP1QP2/8/P3P1PP/RN2KBNR w KQk - 2 8,b1c3,43,224470,0.13389253616333008,True,e4d4,16,352015,0.39994192123413086,True
338,rnbqkbr1/pppppp1p/6p1/8/2P2n2/P2P4/1P2P3/RNBQKBNR w q - 0 8,c1f4,154,345368,0.1998908519744873,True,c1f4,183,46479,0.07103085517883301,True
339,1nbqkbnr/1p2ppp1/r1pp3p/p3P3/3N1P2/8/PPPP2PP/RNBQKB1R w KQk - 1 6,f1a6,204,240347,0.12921428680419922,True,f1a6,208,40036,0.04471421241760254,True
340,rnb1kb1r/p2pppBp/1p6/2p4Q/8/PP2P3/2PP1PP1/RN2KBq1 w Qkq - 0 8,g7h8,345,755115,0.3545982837677002,True,g7h8,360,204852,0.1833209991455078,True
341,rn1q1b1r/pppkpppp/3p1n2/8/1P5P/8/NBPPPPP1/R2QKBNR w KQ - 1 6,b2f6,645,585393,0.3169291019439697,True,e2e3,597,23441,0.036620378494262695,True
342,rnbqkbnr/p4ppp/2p1p3/8/P1P5/8/1P1PPPPP/RNB1KBNR b KQkq - 0 5,b8d7,579,507716,0.24977970123291016,True,b8a6,690,25700,0.016280412673950195,True
343,rn1q1bnr/p1pppk1p/6p1/5p2/2P4P/6P1/PP1PPP2/RNB1KBNb w Q - 0 6,a2a3,-658,1193548,0.549868106842041,True,g1h3,-834,43225,0.013020992279052734,True
344,rnbqkbnr/p1pp3p/5pp1/1B1p4/3P4/4P3/PPP2PPP/R1BQK1NR w KQkq - 0 6,h2h4,-293,171911,0.10243868827819824,True,h2h4,-301,71683,0.07668542861938477,True
345,rnbqkbnr/3ppp2/p6p/1pP3p1/3P1P2/6K1/P1P1P1PP/RNBQ1BNR w kq - 0 7,e2e4,16,400481,0.25101804733276367,True,g3f2,-39,421667,0.42322826385498047,True
346,r1bqkb1r/1ppppppp/p1n5/8/2P5/NP3Nn1/P2PPP1P/R1BQKB1R w KQkq - 0 6,h2g3,401,227544,0.138746976852417,True,h2g3,389,94655,0.09957408905029297,True
347,r1bqkbnr/ppp5/2npp1p1/7p/3pP3/1P6/P1PB1PPP/RN1QKB1R w KQkq - 1 8,f1d3,-546,324811,0.16835236549377441,True,f1d3,-441,31799,0.021533966064453125,True
348,r1bqkb1r/pppp1p2/5pp1/7p/P2n3P/7N/RPPPPPP1/2BQKB1R b Kkq - 2 7,d7d5,45,134947,0.08911991119384766,True,d7d5,71,168146,0.2001352310180664,True
349,rnb1kbn1/pp1ppp1r/1q4p1/2p4p/P7/4P2P/1PPPNPP1/RNBQKB1R w KQq - 3 6,d2d4,138,257459,0.14984679222106934,True,a4a5,143,40388,0.03907322883605957,True
350,rnb1kb1r/4pppp/p1p5/5n2/1P2P3/2P5/PB1q1PPP/RN2QKNR b kq - 3 8,d2e1,539,567964,0.28881144523620605,True,d2e1,470,72213,0.06883978843688965,True
351,rnbqkbr1/pp1p1ppn/7B/2P1p3/P6P/8/1PP1PPP1/RNQ1KBNR w KQq - 0 7,h6e3,230,162809,0.08529186248779297,True,h6e3,222,24211,0.016514062881469727,True
352,r3kbnr/ppp2pp1/n6p/4p3/2N4P/4K2P/PP2PP2/1RBQ1BNR b kq - 2 8,a8d8,-582,1322004,0.625046968460083,True,g8e7,-662,36536,0.02619194984436035,True
353,rnq2b1r/p1pkPppp/5n2/1p6/5Pb1/6P1/PP1PP2P/RNBQKBNR w KQ - 1 7,e7f8q,534,545238,0.2775273323059082,True,e7f8q,480,49330,0.03711295127868652,True
354,rnb1kbnr/1pp2pp1/p7/4p2p/4P3/6P1/PPPqPK1P/R1BQ1BNR w kq - 0 7,c1d2,297,417630,0.2380378246307373,True,c1d2,382,57600,0.03945636749267578,True
355,rnbqkbnr/1pppppp1/8/p7/1P1P2p1/5N2/P1P1PP1P/RNBQKB1R w KQkq - 0 5,f3e5,-332,112057,0.06172823905944824,True,f3g5,-329,74970,0.07267498970031738,True
356,r1bqkbnr/1pppp3/p1n3p1/7p/P3N3/8/1PPPPPPP/R1BQKBR1 b Q - 1 7,d7d5,513,124257,0.05925607681274414,True,d7d5,503,52183,0.04877638816833496,True
357,rnbqkb1r/p1pp1p1p/5n2/1p2p1p1/2P1P3/3P2P1/PP3PBP/RNBQK1NR b KQkq - 0 5,b5c4,-144,307923,0.17841458320617676,True,b5c4,-147,113952,0.11744379997253418,True
358,r1bqkbr1/ppppp3/2n2pp1/7p/5P2/2P2N2/PP1PPKPP/RNB2B1R b q - 1 6,e7e6,651,508539,0.24631857872009277,True,e7e5,668,35935,0.022704601287841797,True
359,rnb1kb1r/p1ppn1p1/1p3p2/7p/P7/6P1/1PPPQP1P/R1B1KBNR w KQkq - 1 7,f1g2,496,196071,0.1002495288848877,True,f1g2,544,52995,0.02483987808227539,True
360,1rbqkb1r/pQpppp1p/n5pn/8/2P5/N4N2/PP1PPPPP/R1B1KB1R b KQk - 2 5,c8b7,588,1037520,0.43736958503723145,True,c8b7,752,18138,0.022370338439941406,True
361,rnb1kb1r/pp1pppp1/7n/2p4Q/R4P2/2P1P3/1P1P2PP/1NB1KBNR b Kkq - 0 6,d7d6,-535,588121,0.2813694477081299,True,d7d6,-633,52357,0.024663925170898438,True
362,r1b1kbnr/ppp1pppp/n7/3p4/3P4/5PP1/qPP1PN1P/RNBQKB1R w KQkq - 0 6,a1a2,586,961723,0.43304443359375,True,a1a2,688,47217,0.0332944393157959,True
363,r2qkbnr/pppnN2p/6p1/8/3P2P1/8/PPb1PP1P/R1B1KBNR w KQkq - 0 8,e2e3,-565,2111943,0.9497213363647461,True,e7g8,-661,20230,0.022357702255249023,True
364,rnb1kb1r/pppp1ppp/5q2/3p4/8/2P2N1P/PP1PPPP1/RNB1KB1R w KQkq - 2 6,g2g3,-316,241390,0.12264561653137207,True,d2d4,-555,46337,0.02461099624633789,True
365,rnb1kbnr/2p1ppp1/1p5p/pP6/P1P1q3/7N/3PPPPP/RN1QKB1R w KQkq - 3 8,b1c3,-367,132609,0.06422924995422363,True,b1c3,-347,81897,0.06561899185180664,True
366,rnbqk1nr/pppp1pp1/8/4P2p/8/8/PPPKPPPP/RNB2BNR w kq - 0 5,d2e1,-521,181866,0.0893547534942627,True,e2e4,-512,50364,0.031688690185546875,True
367,r1bqkbnr/p2p2p1/np2p3/2p2pNp/5P2/P2P4/1PP1PKPP/RNBQ1B1R w kq - 2 7,e2e4,79,211802,0.12622523307800293,True,e2e4,104,84242,0.08940958976745605,True
368,r1bqkbnr/1pppp1p1/n6B/8/Pp6/3P1p2/2P1P2P/RN1QKBNR w KQkq - 0 8,h6e3,-260,91518,0.048087358474731445,True,h6e3,-292,30871,0.024755239486694336,True
369,rnbqkbnr/pp1p1p1p/8/6p1/3p3P/P7/1PPPPPP1/R1BQKB1R b KQkq - 0 7,g5g4,681,177011,0.09350943565368652,True,g5g4,519,31440,0.01792001724243164,True
370,r1bqk2r/npppp2p/7n/5pB1/3b4/1PP3P1/P3PP1P/RN2KBNR w KQkq - 1 8,g1h3,-455,675948,0.3136868476867676,True,c3d4,-494,34666,0.022158145904541016,True
371,r2qkb1r/1pp1pppp/p2p1n2/8/3nPP2/7N/PPPK2P1/RNBQ1B1R b kq - 0 7,f6e4,16,296246,0.17040705680847168,True,f6e4,-47,248101,0.23395085334777832,True
372,r1bqkbr1/pp1ppppp/2p5/5P2/Pn6/5P1B/2PPP2P/RNBQK1NR w KQq - 0 7,c2c3,300,140571,0.08716535568237305,True,c2c3,271,29297,0.03696036338806152,True
373,rn1qkb1r/ppp1p1p1/5p1n/1P1p3p/8/5PPN/P1PPP3/RNBQKB1R w KQkq - 1 7,c2c4,358,423960,0.23289990425109863,True,d2d4,368,62701,0.06587553024291992,True
374,rnb2bnr/pppk2pp/3ppp2/8/2P5/2N4P/PP1PPPP1/R1B1KBNR w KQ - 0 6,d2d4,73,117037,0.07244873046875,True,d2d4,84,90836,0.09183526039123535,True
375,rnbqk1nr/1ppp2p1/4p3/p4p2/3P1PpP/8/PbPKP3/R1BQ1BNR w kq - 0 8,c1b2,-470,473489,0.2229928970336914,True,c1b2,-426,34251,0.03923964500427246,True
376,rnbbk1nr/p1pp2pR/4pp2/1p6/7N/N7/PPPPPPP1/R1BQKB2 b Qkq - 2 7,h8h7,-455,274592,0.14497971534729004,True,h8h7,-391,81327,0.07036137580871582,True
377,r1bqkbnr/2ppppp1/R7/1P5p/8/1P6/2PPPPPP/2BQKBNR b Kkq - 0 6,c8a6,51,181672,0.09880781173706055,True,c8a6,75,152275,0.14441418647766113,True
378,rnbqk1n1/pppp2p1/5p1r/4N2p/Q1P2P2/8/P2BP1PP/RN2KB1R b KQq - 0 8,f6e5,-119,188171,0.10798239707946777,True,f6e5,-151,192493,0.2080850601196289,True
379,rnbqk1nr/p1pp1p1p/1p6/4p1p1/4P1P1/3B1N2/PbPP1P1P/R1BQ1RK1 b kq - 1 7,b2a1,432,1805018,0.9080801010131836,True,b2a1,436,49027,0.036942243576049805,True
380,r1bqkbnr/pppp2p1/4p3/4p3/3nP3/7N/PPPP1PPP/RNB1KB1R w KQkq - 2 6,b1a3,-629,720851,0.30333709716796875,True,f1d3,-673,35967,0.018550872802734375,True
381,rn1qkbn1/pp2ppp1/2p1b3/3p4/8/1PPP4/P3PPPr/RNB1KBNR w KQq - 0 6,h1h2,-509,389303,0.1998302936553955,True,h1h2,-499,14823,0.010899782180786133,True
382,rnbqkb1r/pp1pp1p1/2p4n/5p1p/7P/N1P1PP2/PP1P2P1/R1BQKBNR b KQkq - 0 5,e7e5,48,138759,0.06410646438598633,True,e7e5,22,368352,0.35242557525634766,True
383,rnbqkbnr/p1pp1ppp/1p2p3/8/1PP5/4P3/P2P1PPP/RNBQKBNR w KQkq - 0 5,c1b2,27,132517,0.06656408309936523,True,a2a3,40,128109,0.11853671073913574,True
384,r2qkbnr/2p1pppp/1pnp4/pB6/4P1b1/8/PPPPNP1P/R1BQK1NR w KQkq - 0 7,b5c6,454,340188,0.19682621955871582,True,b5c6,410,134721,0.12793302536010742,True
385,2bqk1nr/r1pp1ppp/1p6/4p3/1P6/5P1N/2PPP1PP/1NBQKB1R w Kk - 0 7,h3f2,275,280067,0.14921236038208008,True,h3f2,291,49301,0.058303117752075195,True
386,r1bqkb1r/pppppp1p/4nB2/8/1P1P4/8/P1P1PPPP/RN1QKBNR w KQkq - 1 6,f6h4,500,89264,0.049680471420288086,True,f6h8,673,11763,0.01926732063293457,True
387,r3kbnr/ppp1ppp1/2n4p/5b2/2P2N2/P7/1P1KPPPP/R1BQ1BNR b kq - 0 6,e8c8,-404,1498102,0.7331430912017822,True,e8c8,-451,28838,0.016080379486083984,True
388,rnbqkbnr/pp1pp3/5ppB/2p5/6P1/1PPP4/P3PP1P/RN1QKBNR b KQkq - 0 5,g8h6,557,355520,0.1942756175994873,True,g8h6,524,27861,0.03107762336730957,True
389,r2qkbnr/p1ppppp1/bp6/1P6/3PP2p/P4P2/2P1K2P/RNBQ1BNR b kq - 0 8,a6b5,-264,293266,0.16131877899169922,True,a6b5,-289,35380,0.03814864158630371,True
390,r1bqkbQr/pppppp1p/8/2n5/1P2P3/3B4/P1PP1PPP/RNB1K1NR b KQkq - 2 5,c5d3,639,1080522,0.44992971420288086,True,c5d3,562,154118,0.07459545135498047,True
391,rnbqkbnr/1p1pp3/p1Q4p/5pp1/1PP5/2N5/P2PPPPP/R1B1KBNR b KQkq - 1 6,b8c6,474,2060949,0.9506325721740723,True,d7c6,648,66063,0.04296374320983887,True
392,rnbqkbnr/1p2ppp1/2pp4/p6p/3P3P/P7/1PPQPPP1/RNB1KBNR w KQkq - 0 5,g1f3,29,195620,0.11314964294433594,True,e2e4,10,229414,0.22798490524291992,True
393,rnbqkbnr/pp3ppp/2pp4/1B2p3/P3P3/2P5/RP1P1PPP/1NBQK1NR b Kkq - 1 6,c6b5,437,364037,0.18341851234436035,True,c6b5,474,23315,0.023678302764892578,True
394,rnbqkb1r/pp1pp1p1/7n/2p2p2/7p/2NP1N2/PPP1PPPP/1RBQKB1R b Kkq - 3 6,d7d5,-13,173367,0.09019613265991211,True,d7d5,18,318785,0.31819939613342285,True
395,rnbq1bnr/p1ppk1pp/1R6/4p3/P7/4P2P/1PPP1PP1/1NB1KBNR b K - 0 8,a7b6,611,1080422,0.4571714401245117,True,a7b6,752,35767,0.031246423721313477,True
396,r3kbnr/pQpqpp2/n5p1/7p/2P5/N6P/P2PPP1P/R1B1KB1R b KQkq - 0 8,d7c8,-491,125527,0.05771207809448242,True,a8d8,-395,138716,0.12639594078063965,True
397,rnb1kbnr/pp1ppppp/2p5/8/1q6/5N1P/2PPPPP1/RNBQKB1R w KQkq - 0 5,c1a3,-104,180186,0.09278583526611328,True,c1a3,-99,144738,0.1307225227355957,True
398,rn1qkbnr/1bp1ppp1/1P5p/p2p4/1P3P1P/8/P2PPKP1/RNB1QBNR b kq - 0 8,a5b4,212,351372,0.21513676643371582,True,a5b4,210,54270,0.05522441864013672,True
399,rnb1k1nr/pp1ppp1p/7b/2p5/1P2Pp2/N5PP/P1PP2K1/R1BQ2NR b kq - 2 8,g8f6,-456,313137,0.16437983512878418,True,b8c6,-484,158121,0.08420896530151367,True
400,rnb1kbnr/1p3ppp/p2p4/2p1P3/2P5/6PN/PP1PP2R/RNBQKB2 b Qkq - 1 7,b8c6,-510,2958774,1.2500102519989014,True,d6e5,-652,31589,0.018416881561279297,True
401,r1bqkbnr/p3p1pp/np3p2/2p5/P1P5/2N4N/1P2PPPP/R1BQKB1R w KQkq - 0 7,d1d8,109,512777,0.2830648422241211,True,c1d2,57,184270,0.1884770393371582,True
402,rnb1kbnr/p2pp1pp/2p5/qp3p2/3P1P1P/P1P5/1P2P1P1/RNBQKBNR w KQkq - 0 6,g2g4,73,143625,0.0686805248260498,True,g2g4,36,217225,0.2038259506225586,True
403,rnbqk1nr/pppp1pp1/4p3/2b4p/4P1PP/8/PPPP1P1R/RNBQKBN1 w Qkq - 1 6,d2d4,42,188532,0.10143351554870605,True,d2d4,62,120714,0.11590337753295898,True
404,2bqkb1r/rp1n1ppp/2p1p3/p6n/4P3/2PPK2P/PP3PP1/RNB2BNR b k - 1 8,d8g5,944,159972,0.058492422103881836,True,d8g5,955,18811,0.008112668991088867,True
405,r2qkbnr/1pp1ppp1/2n5/p2p3p/2P2Pb1/P2P4/1P2P2P/RNBQKBNR w KQkq - 0 7,h2h3,-86,60904,0.03306460380554199,True,h2h3,-56,132958,0.12368202209472656,True
406,rn1qkbnr/1pp1p1pp/p2p1p2/1N6/6b1/3P4/PPP1PP1P/R1BQKBNR w KQkq - 0 5,f2f3,-182,115371,0.06963253021240234,True,f2f3,-183,82237,0.0799717903137207,True
407,rnbqkb1r/p1pppppp/8/7n/2p5/4P2N/PP1P1PPP/RNB1KB1R w KQkq - 0 5,b2b3,-471,653297,0.28695154190063477,True,g2g4,-675,32498,0.0195009708404541,True
408,rn1qkbnr/p1p2ppp/4p3/3p4/2p5/1Q3P1N/PP1PP1P1/RNB1KB1R w KQkq - 0 6,b3c2,213,359951,0.19448566436767578,True,b3a4,279,45872,0.04891324043273926,True
409,rnbqkb1r/pp1p3p/2p2p1n/1P2p1p1/8/2P4N/P2PPPPP/RNBQKB1R b Qkq - 1 6,d7d5,138,237555,0.1219625473022461,True,d7d5,132,94434,0.09776139259338379,True
410,r4bnr/pp1kppp1/7p/2pp4/8/2P1PNP1/PP1P1P1P/RNBQK2R w KQ - 0 8,d1b3,838,298805,0.1503911018371582,True,f3e5,961,37310,0.019821643829345703,True
411,r1bqkbnr/p1p1p1p1/n2p1p2/1p5p/2PP3P/7N/PPQ1PPP1/RNB1KB1R w KQkq - 0 6,c4b5,482,316323,0.16676664352416992,True,c2g6,452,70867,0.06525778770446777,True
412,rn1qkbnr/p2bp1p1/7p/1p3p2/6PP/8/PPPPPP2/RNBQK1NR w KQkq - 0 6,g4f5,-319,251602,0.13316559791564941,True,g4f5,-316,24254,0.03348422050476074,True
413,rn1qkbnr/1pP1p1p1/4b3/p4p1p/7P/8/PP1PPPP1/RNBQKBNR w KQkq - 0 6,c7b8q,720,1259923,0.5194523334503174,True,c7d8r,852,47216,0.027454376220703125,True
414,r2qkbnr/p1p2p1p/n2pp2p/1p6/1PP3b1/N2P1N2/P3PP1P/R2QKB1R b KQkq - 0 8,g4f3,504,1153262,0.5866782665252686,True,g4f3,548,23241,0.018362045288085938,True
415,1nbqkbnr/r1pp1ppp/p3p3/1p6/P1P5/4P2P/1P1P1PP1/RNBQKBNR w KQk - 0 5,a4b5,183,198426,0.10276603698730469,True,a4b5,198,13244,0.015594959259033203,True
416,rnb1kbnr/pp1pppp1/8/q1p4p/8/2NPB2P/PPP1PPP1/RQ2KBNR b KQkq - 1 5,d7d5,24,124586,0.07440042495727539,True,d7d5,28,132574,0.12459039688110352,True
417,r2qkbnr/p3ppp1/n7/1ppp2p1/5B2/P2P3B/1PP1PP1P/RN1QKR2 b Qkq - 1 8,e7e6,610,279529,0.15000343322753906,True,g5f4,596,31631,0.0173494815826416,True
418,rnb1kbnr/p1p1pppp/8/1p6/1P6/2Q2p2/P1P3PP/RNB1KBNR w KQkq - 0 6,c3f3,699,960447,0.4218788146972656,True,f1b5,745,23477,0.007239341735839844,True
419,r2qkbr1/pbpp2pp/4p2n/5p2/1nP5/BP5N/P2PPPPP/RN2KBR1 w Qq - 2 8,e1d1,-605,215496,0.0832967758178711,True,e1d1,-787,43321,0.011361837387084961,True
420,r1b2k1r/ppppRpp1/n6n/8/1b6/2N2P2/PPPPPKP1/R1BQ1BN1 b - - 2 8,h6g4,-456,1585604,0.717768669128418,True,b4e7,-490,24157,0.011527299880981445,True
421,r1bk1bnr/p2ppp1p/npp5/6p1/4PP1P/P7/P1PPQ1P1/R1B1KBNR w KQ - 2 8,c1b2,651,439414,0.20331239700317383,True,c1b2,669,18751,0.011333942413330078,True
422,1nbqkb1r/1pppppp1/r4n2/p6p/3P4/4P2N/PPP1QPPP/RNB1KB1R w KQk - 1 5,e2d1,68,211010,0.12990045547485352,True,h3g5,62,141528,0.14748787879943848,True
423,rn1q1knr/pb2p1p1/1p5p/2p2p2/P2P4/R1P5/1P2PPPP/1NBQKB1R b K - 0 8,g8f6,-148,188877,0.10758328437805176,True,g8f6,-143,121564,0.13025403022766113,True
424,1rbqkb1r/p1pppp1p/2n3pn/1p6/3PN3/5P2/P1PKP1PP/R1BQ1BNR w k - 1 8,d2e1,-270,316491,0.1887974739074707,True,d2e1,-270,38148,0.04336667060852051,True
425,r1b1kb1r/pp1pN2p/n5pn/2P2p2/1q2P3/P6N/2PP1PPP/R1BQKB1R b KQkq - 0 8,b4e4,163,180599,0.10012221336364746,True,b4e4,105,89348,0.08166694641113281,True
